/*
Navicat MySQL Data Transfer

Source Server         : 本地数据库
Source Server Version : 80019
Source Host           : localhost:3306
Source Database       : dctime

Target Server Type    : MYSQL
Target Server Version : 80019
File Encoding         : 65001

Date: 2020-05-31 13:21:38
*/

SET FOREIGN_KEY_CHECKS=0;

-- ----------------------------
-- Table structure for game
-- ----------------------------
DROP TABLE IF EXISTS `game`;
CREATE TABLE `game` (
  `id` bigint NOT NULL AUTO_INCREMENT,
  `name` varchar(32) NOT NULL,
  `translated_name` varchar(32) NOT NULL,
  `cover_image` varchar(1024) DEFAULT NULL,
  `pitctures` varchar(10250) DEFAULT NULL,
  `platform` varchar(110) DEFAULT NULL,
  `release_date` date DEFAULT NULL,
  `tag` varchar(1100) DEFAULT NULL,
  `official_website` varchar(1024) DEFAULT NULL,
  `developer` varchar(32) DEFAULT NULL,
  `publisher` varchar(32) DEFAULT NULL,
  `description` varchar(1000) DEFAULT NULL,
  `number_of_judges` bigint NOT NULL,
  `total_score` bigint DEFAULT NULL,
  PRIMARY KEY (`id`)
) ENGINE=InnoDB DEFAULT CHARSET=utf8;

-- ----------------------------
-- Records of game
-- ----------------------------

-- ----------------------------
-- Table structure for game_topic_related
-- ----------------------------
DROP TABLE IF EXISTS `game_topic_related`;
CREATE TABLE `game_topic_related` (
  `game_id` bigint NOT NULL,
  `topic_id` bigint NOT NULL,
  PRIMARY KEY (`game_id`,`topic_id`),
  KEY `FK_game_topic_related2` (`topic_id`),
  CONSTRAINT `FK_game_topic_related` FOREIGN KEY (`game_id`) REFERENCES `game` (`id`) ON DELETE RESTRICT ON UPDATE RESTRICT,
  CONSTRAINT `FK_game_topic_related2` FOREIGN KEY (`topic_id`) REFERENCES `topic` (`id`) ON DELETE RESTRICT ON UPDATE RESTRICT
) ENGINE=InnoDB DEFAULT CHARSET=utf8;

-- ----------------------------
-- Records of game_topic_related
-- ----------------------------

-- ----------------------------
-- Table structure for topic
-- ----------------------------
DROP TABLE IF EXISTS `topic`;
CREATE TABLE `topic` (
  `id` bigint NOT NULL AUTO_INCREMENT,
  `editor_id` bigint NOT NULL,
  `author_id` bigint NOT NULL,
  `content` varchar(20000) NOT NULL,
  `type` char(4) NOT NULL,
  `title` varchar(50) NOT NULL,
  `resume` varchar(50) NOT NULL,
  `status` varchar(10) NOT NULL,
  `modify_time` datetime NOT NULL,
  `change_time` datetime NOT NULL,
  `cover_image` varchar(1024) DEFAULT NULL,
  PRIMARY KEY (`id`),
  KEY `FK_edit` (`editor_id`),
  KEY `FK_write` (`author_id`),
  CONSTRAINT `FK_edit` FOREIGN KEY (`editor_id`) REFERENCES `user` (`id`) ON DELETE RESTRICT ON UPDATE RESTRICT,
  CONSTRAINT `FK_write` FOREIGN KEY (`author_id`) REFERENCES `user` (`id`) ON DELETE RESTRICT ON UPDATE RESTRICT
) ENGINE=InnoDB AUTO_INCREMENT=1083976 DEFAULT CHARSET=utf8;

-- ----------------------------
-- Records of topic
-- ----------------------------
INSERT INTO `topic` VALUES ('1', '6', '6', '测试用文章  \n![](https://img01.vgtime.com/game/cover/2019/10/08/191008173500594_u59.jpg)', '新闻', '测试用文章', '测试用文章', '发布', '2020-04-19 18:49:03', '2020-04-19 18:51:25', 'https://img01.vgtime.com/game/cover/2019/10/08/191008173500594_u59.jpg');
INSERT INTO `topic` VALUES ('1065644', '16', '16', '虚拟与现实  \n![](https://img01.vgtime.com/game/cover/2019/09/23/190923105241380_u54.jpg)', '动漫', '虚拟与现实', '虚拟与现实', '发布', '2020-04-19 12:46:45', '2020-04-19 12:45:51', 'https://img01.vgtime.com/game/cover/2019/09/23/190923105235643_u54.jpg');
INSERT INTO `topic` VALUES ('1065665', '16', '16', '言行不一  \n\n![](https://img01.vgtime.com/game/cover/2019/09/23/190923155712978_u54.jpg)', '动漫', '言行不一', '言行不一', '发布', '2020-04-19 12:47:49', '2020-04-20 14:46:37', 'https://img01.vgtime.com/game/cover/2019/09/23/190923155702574_u54.jpg');
INSERT INTO `topic` VALUES ('1065666', '16', '16', '瑜伽健身  \n![](https://img01.vgtime.com/game/cover/2019/09/23/190923160142817_u54.jpg)', '动漫', '瑜伽健身', '瑜伽健身', '发布', '2020-04-19 12:48:29', '2020-04-20 14:46:43', 'https://img01.vgtime.com/game/cover/2019/09/23/190923160135424_u54.jpg');
INSERT INTO `topic` VALUES ('1065667', '16', '16', '毫无原则\n![](https://img01.vgtime.com/game/cover/2019/09/23/19092316023657_u54.jpg)', '动漫', '毫无原则', '毫无原则', '发布', '2020-04-19 12:49:15', '2020-04-20 14:46:48', 'https://img01.vgtime.com/game/cover/2019/09/23/190923160230823_u54.jpg');
INSERT INTO `topic` VALUES ('1079724', '18', '18', '对于国产游戏的玩家来说，可能已经见惯了厂商们对于某些题材的滥用，例如三国、武侠或是仙侠。时间久了，总免不了产生一些抗拒心理。《九霄缳神记》就是一款仙侠游戏，并且它的游戏类型还是动作。这两点可能一开始就会让不少玩家望而却步，内心出现“雷作”的怀疑。\n\n　　实际玩过之后，我发现《九霄缳神记》是一款值得一试的作品，它当然不是来势汹汹的 3A 大作，但优秀在目标明确，懂得取舍。\n\n　　恭喜@贫道爱师太、@赤红十三、@昊宝宝 在活动中中奖，请注意查收私信。\n## 仙侠风格的展现\n在《九霄缳神记》的发售日预告公开之后，许多玩家都产生了一个直接的问题：这款游戏的仙侠要素和中国风是体现在哪里的呢？问题产生的原因显而易见，预告中的游戏场景中有不少荒野般的空间，和一些看起来并不精细的石建筑物。这和我们印象中的仙侠风格似乎不太一样。\n\n　　如果仅从场景上来看，游戏并不像其他同题材那样作品，将仙侠要素直接明了的展现给了玩家。游戏中没有出现城镇和村落场景，建筑物基本上是石制的，还有不少废墟，色彩偏向灰白。在材质和色彩上，你都无法直接从建筑和场景中感受到一种明确的古代中国的“仙境”气息。\n![](https://img01.vgtime.com/game/cover/2020/04/07/200407123656505_u73678.jpg)\n即便开发团队在场景各处都加上了中国传统风格的雕刻艺术，对于整体仙侠印象表现也是稍显不足的。在成本有限的前提下，开发团队选择将仙侠元素以一种写意的方式展现出来。\n\n　　而在另一方面，作品还“融合了其他先锋艺术创作的内容”，并且同时试图追求“写意风格”、“时髦前卫”和“国风古典”的效果（见游戏官方美术效果讲解视频）。使得《九霄缳神记》实际上更像是一款混合了仙侠题材、日式幻想题材以及许多流行文化内容的作品。\n![](https://img01.vgtime.com/game/cover/2020/04/07/200407125251338_u73678.jpg)\n玩家已经在预告中看到了的与巨型机器人 Boss 进行的战斗，游戏文本角落中也藏着一些网络流行用语。考虑到同一 IP 下的小说《九霄奔云传》的动画版预告中都出现了一条西方式的龙，某种程度下也算是一脉相承。\n![](https://img01.vgtime.com/game/cover/2020/04/07/200407125111400_u73678.jpg)\n![](https://img01.vgtime.com/game/cover/2020/04/07/200407125032849_u73678.jpg)\n《九霄缳神记》采用了动画渲染的美术风格，对此开发团队也坦诚这是出于成本上的考虑，写实风格的画面对于小规模工作室来说负担是在太大了。从另一方面看，采用动画渲染也起到了一些意外的效果。以往国产武侠游戏中常见的油腻效果并没有在《九霄缳神记》中出现，整体的画面比较干净。不过动画渲染并没有降低场景和战斗特效的质量，游戏在这方面的表现是值得推崇的。\n\n　　然而需要承认的是，成本对于游戏的制约是全方位的。在场景向玩家传递仙侠风格不是太过顺利的情况下，剧情和演出就成为了展现游戏题材最为重要的载体。这方面游戏确实可以说是很仙侠，但其中的遗憾也是无可避免的。', '评测', '《九霄缳神记》评测：目标明确的精良之作', '如果你寻求一个中型动作游戏，《九霄缳神记》是一个不错的选项。', '发布', '2020-04-20 15:27:10', '2020-04-20 15:29:58', 'https://img01.vgtime.com/game/cover/2020/04/13/200413162011997_u73678.jpg');
INSERT INTO `topic` VALUES ('1080660', '17', '17', '可能是因为赶着《生化危机3 重制版》发售，不久前有人翻出了原版的一个老彩蛋 —— 由于卡普空食堂的咖喱饭太过难吃，某位社员直接把吐槽写到了游戏场景的一角，大意是“无论如何都请改善一下”。\n![](https://img01.vgtime.com/game/cover/2020/03/19/200319111051394_u229514.jpg)\n考虑到《生化危机3》是 1999 年的作品，卡普空的大厨估计都换过好几批了，问题也应该解决已久。只不过，在游戏里夹带抱怨老板、同事和公司的“私货”，早已成为开发人员的特权和惯用手段。而这种独特的“书呆子”文化，恐怕横跨了整个电子游戏的历史。\n\n## 制作人到此一游\n最初的雅达利确实充满了传奇色彩，创始人诺兰·布什内尔以及他所创造的《Pong》，在 20 世纪 70 年代成为最响亮的名字。但对于这家公司的其它程序员而言，情况恐怕就不那么乐观了。\n\n　　为了获得更多研发资金，雅达利曾一度屈身于华纳通讯麾下，却没想到自己的金主如此强硬。不仅空降了一名商人总裁，还将游戏设计师视为可以随意替换的工具，相当的不讲情面。\n![](https://img01.vgtime.com/game/cover/2020/03/19/200319105558728_u229514.jpg)\n员工们当时的待遇简直莫名其妙，不仅不能从产品销售里分红，有次一名纽约的高管和程序员发生冲突后，公司一举将所有开发者的名字从产品中移除，目的是加强企业对员工的控制，防止其他人跑来“挖墙脚”。\n\n　　这些政策也直接导致四名顶尖的工程师出走，并且建立了世界上第一家第三方厂商，雅达利最大的敌人：动视。\n\n　　那时还没来得及跳坑的沃伦·罗比内特（Warren Robinett），心中正酝酿着一场复仇。回首 1979 年，他的作品《冒险》（Adventure）以 25 美元的售价狂卖 100 多万套，扣除发行成本后，雅达利借此得到了 1000 多万美元的收入，但他仍然只能每年拿到 2.2 万美元的死工资。\n\n　　没钱又没名气，换谁都不愿意干。\n![](https://img01.vgtime.com/game/cover/2020/03/19/200319105307328_u229514.jpg)\n罗比内特自认为没法从一个冷酷的资本集团中分一杯羹，只能想办法最大限度的获得公众认可。于是，在制作《冒险》的收尾阶段，一个精心设置的小秘密被植入其中。而这个占据作品总容量 5% 的秘密，也成为了游戏史上第一个广为人知的彩蛋，虽然那时候还不叫彩蛋。\n\n　　《冒险》的关卡由很多不同颜色的迷宫组成，一些地点只有收集钥匙后才能通过。但在黑色城堡的深处，玩家可以通过“地下墓穴”移动到某个房间，当人们恰好踏过与背景墙相同的一个像素点时，便能看到一段闪烁发光的文字：沃伦·罗比内特制作。\n![](https://img01.vgtime.com/game/cover/2020/03/19/200319105752640_u229514.gif)\n事实上，他构思这个彩蛋时也遇到了一些问题。如果弄得过于显眼，第二天可能就会被测试人员揪出来上报公司。但要是设计得太难发现，也就谈不上“获得公众的认可”了。\n\n　　不过，恰恰是因为雅达利的高层对于人工太过吝啬，居然没有启用正式的测试人员，因此很难深入游戏。而针对玩家那方面，罗比内特又准备了一套备用计划，他一直盯着各大杂志和游戏社区，预谋着通过散布谣言的方式让彩蛋为人所知。\n\n　　第一个发现秘密的人，是一位来自盐湖城的 15 岁男孩，他细致的画了张地图，指明了具体的触发方法。\n\n\n![](https://img01.vgtime.com/game/cover/2020/03/19/200319114101333_u229514.gif)\n可想而知，雅达利的高层看到后龙颜大怒，奈何始作俑者老早就甩下一封辞职函，他们只能找其他在职的程序员进行修复。只是没想到那名程序员也是个狠人，要修复可以，条件是把彩蛋改成自己的名字 —— “由布拉德·斯图尔特修复”。\n\n　　这还不是唯一的问题，对于公司而言，想要召回和再版游戏的成本也太高了，雅达利消费者部门的软件开发总监最后干脆主张保留彩蛋，他认为这些隐藏内容能够加强玩家的动力，并不完全是件坏事。而具有时代特征的是，那个时期的开发者夹带私货和不满情绪的方式，往往都是在游戏里留下名字，例如 1978 年“仙童 F 波”上推出的《Video Whizball》，其实也有个显示程序员姓氏的彩蛋。\n', '文化', '对老板的怨恨，铸成了这些游戏中的黑暗秘密', '积怨已久的程序员会干些什么？', '发布', '2020-04-20 14:53:55', '2020-04-20 14:57:20', 'https://img01.vgtime.com/game/cover/2020/03/19/200319113205266_u229514.jpg?x-oss-process=image/resize,m_pad,color_000000,w_640,h_400');
INSERT INTO `topic` VALUES ('1081120', '6', '6', '23 年前，Square 用《最终幻想7》惊艳了全世界无数玩家，无论是画面，剧情还是玩法，在当时都具有划时代意义。哪怕在许多年后，老玩家们提起“最终幻想”时依然对它念念不忘，而在新玩家的眼里它更是有如传说般的存在。\n\n　　因此，你也不难想象，重制一款这样的作品，压力会有多大了。老玩家抱着严苛的心态希望看见传说新生，新玩家则是带着好奇心想来见证传说是否如实。\n\n　　其他游戏是从山脚开始攀登，而它起步时就已经在山顶。即便是 Square Enix 召回了当年的原班主创，也不禁让人担心，究竟《最终幻想7 重制版》能不能肩负所有人的期望？\n![](https://img01.vgtime.com/game/cover/2020/04/06/200406155144973_u59.jpg)\n## 创新的战斗系统\n对于一个重制版游戏来说，剧情你就算照搬原作估计也没人骂你，但倘若继续沿用二十多年那套玩法和系统，恐怕就会显得有些落伍了。\n\n　　玩法要现代化创新是肯定的，但关键在于怎么样才能在不丢失原作精髓的基础上做到这一点？不得不说，《最终幻想7 重制版》在这个问题上给出了一个笔者认为近乎满分的答卷。\n\n　　首先，重制版的战斗核心依然是当年那套系统。原作中，玩家只能在原地通过消耗时间积攒 ATB 点数，然后再进行下一步行动，也就是所谓的回合制。这个 ATB 点数在重制版中依然存在，玩家施放技能，魔法，使用道具都需要消耗一定数量的 ATB 点数。\n\n　　但变化在于，我们在等待 ATB 积攒的过程中可以自由行动，而普通攻击，翻滚和防御等待，还可以加速 ATB 的积攒。等到攒好之后，进入指令模式，时间几乎暂停，我们可以冷静安排根据战斗情况安排每个角色下一步行动。\n\n　　也就是说，定义原作为回合制的原地等待部分，现在具备了大量动作游戏的元素，迎合了现代玩家熟悉以及喜欢的游戏节奏和玩法；但同时又通过 ATB 这个经典元素，将指令式 RPG 的核心保留了下来。\n\n　　更不容易的是，《最终幻想7 重制版》用巧妙的办法，在这“一动一静”之间，成功的把握好了平衡，只要稍微适应之后，玩起来毫无割裂感。\n![](https://img01.vgtime.com/game/cover/2019/06/20/190620160003236.jpg)\n在传统回合制 RPG 游戏中，战斗部分其实考验的是我们处理场上的信息，制定策略，以及对资源管理的能力。由于时间是停滞的，因此我们有充足的时间消化大量信息并慢慢思考下一步怎么做。而在动作游戏中，高速的战斗意味着玩家没有太多时间停下来思考复杂的信息，考验的更多是我们的专注力，即时应变和反应速度。\n\n　　在《最终幻想7 重制版》中，游戏在动作战斗部分塞入了回合制 RPG 游戏才有的海量信息，包括多个主角的 HP、MP、 ATB 点数、Limit 值、正面和负面 Buff、每个敌人位置、Break 槽（力竭槽）、弱点属性等等。尤其是到游戏中后期敌人数量和种类越来越丰富，在高速的即时战斗中，玩家几乎不可能同时处理如此多的信息，慢慢就会被压得喘不过气。\n\n　　而当你应对不过来的时候，就可以进入时间暂停的指令模式。这个时候你不会觉得“我打的正爽，突然让我整个停住，非常难受”，而是更有一种“太好了，终于可以停下来喘口气，让我好好整理一下现在的情况”，从而确定下一步策略，然后再回到动作模式部分。\n\n　　但指令模式中的大多数动作都依赖于 ATB 点数才能行动，而在动作模式中快速进攻和防御，能够加速 ATB 的积攒。通过这个方式，游戏又鼓励我们在动作模式中积极进攻，然后才能更多更快的施放强力技能。\n\n　　在这个基础之上，重制版又有两个系统进一步迎合了动作游戏玩家，以及回合制 RPG 游戏玩家的需求和喜好。\n\n　　一个是快捷指令，玩家可以自定义四个常用技能，只要 ATB 点数够了就可以通过组合键直接施放，无需进入指令模式，从而在较为轻松的战斗中减少了对指令模式的依赖，提高了整个游戏的流畅度和爽快感；第二个是经典模式，通过让动作部分完全自动化，游戏可以变回原版游戏的玩法。\n\n　　而在游戏中，重制版还会通过改变敌人以及场地的配置，让每场战斗在“即时战斗”和“指令战斗”之间来回倾斜，让玩家不断保持思考，并根据临场情况随时调整战斗的方式。\n\n　　比如游戏中经常出现很多神罗机械敌人，他们不仅皮糙肉厚，还会经常使用机枪，电锯，导弹，激光这种招式，这些攻击不能防反，范围广且跟踪性很强，有时候甚至还会叫来援兵。一昧的用动作模式在里面一顿乱砍只会被打的满地找牙，然后消耗 ATB 拼命吃药加血，浪费强力输出的机会，战斗效率极低。\n![](https://img01.vgtime.com/game/cover/2020/04/06/200406155901863_u59.jpg)\n这时候游戏就比较倾向于指令战斗，我们应该算准时机，针对其弱点属性用魔法给予大量伤害，运气好的话还可以造成硬直，打断敌人的攻击；同时指令战斗可以精确的选择攻击部位，从而让角色可以集中火力破坏敌人的部件，积累 Break 值。而在此期间，我们则可以在即时模式中来回切换不同角色，通过普通攻击来快速积攒 ATB 点数。\n\n　　与上面这类敌人相反，很多人形敌人或者 Boss，因为个头很小，而且非常灵活敏捷，他们能躲避不少魔法攻击，有的甚至还能完全躲闪或者格挡角色的普通攻击。\n\n　　这时候游戏就倾向于即时战斗，我们要像玩动作游戏一样，通过看准敌人近战攻击出手的瞬间，用防反接下它的招式，然后才能打出破绽追加更多伤害。而面对他们的一些无法防反的攻击和控场技能，比如霰弹枪，或者在地上埋陷阱，放出带电的锁链，我们还要注意防御，或者通过走位和翻滚来回避。\n\n　　这紧张刺激的一来一往，再配合快捷攻击指令，掌握好了节奏你几乎可以不用进入指令模式，以至于我在几场人形 Boss 战中甚至玩出了“魂”的感觉。\n\n　　至于召唤兽这个系列传统元素，这次在游戏中召唤之后他们会作为一个 AI 队友参加战斗，我们可以通过消耗任意角色的ATB点数来为召唤兽下达特殊技能指令，施放一些强力招式。当时间到了，或者携带召唤兽魔晶石的角色倒地时，召唤兽会施放终极大招，然后在一个华丽的演出中离场。\n\n　　不过，重制版中召唤兽能够出场的机会很有限，只有特定的战斗才能召唤他们加入战斗。在这些战斗中他们能贡献一些伤害，如果属性相克的话效果还会更好一些，但是很难说有扭转战局那种强大的威力。\n## 将成长放在武器上\n伴随着战斗系统的改变，游戏的装备系统自然也是全面革新。角色魔法以及召唤兽主要依赖于装备上镶嵌的魔晶石，部分魔晶石还两两组合产生强化或者额外效果，这一点和原作基本相同，装备系统改变最明显还要属武器。\n\n　　区别于魔晶石提供的魔法能力，游戏中的每把武器都有一个独特的战斗技能，这些技能是依附于使用武器的角色，无法像魔晶石一样的任意转移。每种武器技能都有一个熟练度，我们装备这把武器反复使用这个技能把熟练度练满之后，就算是学会了这个技能，之后再使用时便不再依赖于特定武器。\n\n　　与简单的通过升级学会新技能比起来，这个新的机制鼓励玩家尝试各种不同的武器和技能，为游戏的动作模式增加了成长性，但又不强制我们只能使用某把武器。\n\n　　与此同时，每把武器有都有自己的成长系统，你可以把它理解为属于武器自己的属性盘，角色升级的时候会获得相应的点数，然后可以通过消耗这些点数有选择的强化武器的不同属性，比如提高攻击力，提高防御力，增加魔晶石槽等等。由于每个武器的属性盘不同，这就导致了每把武器拥有不同的强化方向。\n\n　　因此游戏中几乎没有纯粹多余或者重复的武器，它们每一把都独一无二，而且都有自己的强项。\n\n　　比如克劳德的破甲大剑，这把武器的属性盘几乎全部都是强化物理攻击能力的，适合喜欢用普通攻击和战斗技能打输出的朋友；而另一把秘银剑，则提供了更多魔法攻击强化和 MP 回复，是一个适合用来打魔法输出的武器；又或者双刺剑，虽然他在物理和魔法攻击上都不是最突出的，但却提供了大量魔晶石槽和许多增益被动效果。\n![](https://img01.vgtime.com/game/cover/2020/04/06/200406160140537_u59.jpg)\n虽然角色本身的属性也会随着升级而获得一定程度的提高，但游戏通过让武器拥有影响更大，而且可自定义成长性，让我们可以不再受限于系统固化角色，可以自己去寻找和确定他们的定位。同时在学习武器技能的途中，又可以尝试各种不同的风格，并最终可以根据自己的玩法喜好，或者某场战斗的需要选择与之相符武器，提高了游戏的自由度。\n\n　　比如我喜欢用克劳德进行物理攻击，所以选择的武器和强化方向都是提供这方面的能力，蒂法则更多的选择物理和魔法比较平衡的武器，并强化了魔法的范围攻击；而巴雷特因为输远程的原因，虽然普通攻击伤害不是很高，但可以在更安定的地方持续输出，我在强化了他血量的同时，还强化了它的回复和魔法攻击。\n\n　　实机战斗中，我个人操作克劳德比较多，如果陷入被敌人束缚或者进入的负面状态，会立刻切换成蒂法，试着用战斗技能或者弱点魔法把敌人打出硬直，而切换到巴雷特则是为了针对一些灵活或者空中的敌人，或者为全队提供回复和增益 Buff 效果。\n\n　　这只是我个人在早期的选择，随着游戏故事发展，爱丽丝加入队伍之后，我对不同成员的定位和配置又变了。而游戏在剧情过程中会时不时有角色加入和离队，我们可以根据情况随时调整全队的配置，尝试不同的搭配组合，这就是把成长性从角色挪到武器上带来的变化。\n![](https://img01.vgtime.com/game/cover/2020/04/06/200406160323147_u59.jpg)\n而且因为武器强化点数是跟随角色升级增加的，所以即便是后期才获得的武器，也会在入手的时候获得角色当前等级的强化点数。也就是说你不用费心去练武器，每把武器获得的瞬间就可以立刻实战，所以几乎每把武器都到了终盘都可以用。比如笔者最后一章就是用最初的破坏剑打过的，倒不是因为它有什么特别的，只是因为实在经典，用它打过有种仪式感……这也侧面印证了，玩家在武器上的选择拥有足够的自由度。\n\n　　当然，如果你觉得这一系统太过复杂，游戏也贴心的准备了自动强化模式，我们只需要选择武器强化的方向，系统就会自动选择相应的强化项目。你可以根据武器的性质强化不同的方向，用来应对各种不同的战斗情况，如果不小心加错了，还可以在城镇中找人洗点重新再来，可谓是真的省时省力省心。', '评测', '《最终幻想7 重制版》评测：山巅起步 再创新高', '一张近乎完美的答卷。', '发布', '2020-04-20 15:17:53', '2020-04-20 15:20:20', 'https://img01.vgtime.com/game/cover/2020/04/06/200406144157306_u59.jpg');
INSERT INTO `topic` VALUES ('1081483', '18', '27', '在漫画《死神》完结的几年后，作者久保带人本身的号召力并没有衰减，借着新连载漫画《Burn the Witch》的东风，版权方在 3 月 21 日为久保带人举办了一场“《死神》20 周年企划和久保带人新作发表会”。\n![](https://img01.vgtime.com/game/cover/2020/03/25/200325174508175_u73678.jpg)\n从这次发表会的规格也能看出来久保带人的受重视程度。新漫画《Burn the Witch》尚未正式连载（18 年有个短篇）就获得了制作剧场动画的机会，这对于《周刊少年JUMP》来说可谓是前所未有。当然，相对于根基尚未牢固的新作品，观众更为关注的当然是《死神》相关企划。果不其然，备受争议的“千年血战篇”宣布动画化，只不过在宣传视频里，放送的时间写着“XXXX年XX月XX日”，时间尚未确定。\n![](https://img01.vgtime.com/game/cover/2020/03/25/200325174522240_u73678.jpg)\n《死神》的动画终于能够获得一个结尾固然是个好消息，但是以“千年血战篇”的状态来看，一切都不知道会走向什么样的方向。\n## 用漫画写诗\n2001 年 8 月 7 日，有一部叫做《Bleach》的作品开始在《周刊少年JUMP》上连载。当时，它的国内译名还是直译的“漂白剂”，后来官方引进之后正式译名定为《境·界》，当然观众们更熟悉的名字，还是《死神》。\n\n　　除非是人气作品的续作，或者像小畑健一样始终活跃在漫画观众前的长青作者，否则漫画作品在动画化之前很难在日本之外的地区有很大幅度的人气扩张。《死神》像大多数的少年漫画一样，直到动画化人气才开始暴涨。当《死神》迈入第一个剧情高潮护廷十三队的时候，其知名度就一发不可收拾，逐渐与它的前辈《海贼王》和《火影忍者》并驾齐驱，合称为“三大少年漫”。当然，因为这三部作品吸引的漫画读者过于庞大，在国内还有个有十足贬义意味的名字——“三大民工漫”。\n![](https://img01.vgtime.com/game/cover/2020/03/25/200325174752130_u73678.jpg)\n　　虽说这个词略带贬义，但也充分证明了《死神》和两位前辈一样，有能力、有魅力去俘获更为大众的群体。如果要介绍《死神》这部漫画的特点，我们有很多方面可以说。\n\n　　毫无疑问，《死神》中形形色色的角色，给少年漫画整体带来的冲击是不可估量的。护廷十三队中众多帅男靓女，几乎颠覆了传统少年漫画读者对角色的认知。蓝染、朽木白哉、市丸银、日番谷等人气角色，一定程度上是依托于其外在形象的。对比《海贼王》和《火影忍者》，《死神》的角色可能更符合大众对美型的审美认知。\n\n　　因此，《死神》在原本的目标受众少年的基础上，进一步拓展了女性受众。尽管少年漫画一定程度上都会吸引不少的女性读者，但《死神》几乎达到了一种男女通吃的境界。这也导致作品也在有意无意地在某些角色上暗示配对，以至于让作品的女性向二次创作，层出不穷。\n![](https://img01.vgtime.com/game/cover/2020/03/25/200325174937243_u73678.jpg)\n　　久保带人自身的绘画方式也是《死神》受到欢迎的原因之一。作品中大量的水墨风格的绘画方式，为《死神》的风格带来了独特性。同时久保带人也很擅长用一张充满魄力的大跨页来塑造角色，彰显角色的“帅”。\n\n　　而且久保带人在角色台词，尤其是斩魄刀的命名上，充满了“诗情画意”，当时不少读者称其为“诗人”。尤其是斩魄刀解放的文案，像花田狂骨始解的解放语：“花风絮乱，花神啼鸣，天风繁乱，天魔嗤笑，花天狂骨”，就有一种不明觉厉的感觉。作品的斩魄刀命名、角色的招式乃至作品的台词，都有一种诗歌的抽象感和韵律感。这也加速了《死神》的火爆。\n![](https://img01.vgtime.com/game/cover/2020/03/25/200325174957826_u73678.jpg)\n　　不过作品的这些特色本质上还是建立在剧情文本的合理性上。当蓝染叛变之时，读者深受震撼，蓝染几乎成为了当时少年漫画塑造最成功的 boss 之一；可是当这个模式变成了“套路”，就难免造成了读者的审美疲劳。以至于到了后来的章节，谁跳反谁是卧底读者都已经麻木了。\n\n　　《死神》的战斗模式也很固定，基本就是“A还有绝招-B知道A还有绝招-A知道B知道A还有绝招，所以A还留了绝招-B知道A知道B知道A还有绝招，所以B也留了绝招”的套娃模式。\n![](https://img01.vgtime.com/game/cover/2020/03/25/2003251800298_u73678.jpg)\n　　同时，本作也陷入了一种“三国杀”式的困局，前期的角色普遍是简单暴力的招式，可是到了后期，新出现的角色或者是旧有角色新披露的能力一个比一个绕，一个比一个晦涩难懂，导致作品的风评逐渐走低。\n\n　　到了“千年血战篇”，作品的所有负面问题最终全面爆发。不过在此之前，我还是想先聊聊好的——《死神》的改编动画。\n## “时髦神”\n　　《死神》的改编动画播出后点燃了全世界的热度，而且这还是在制作公司 Studio Pierrot（下称“小丑社”）把重心放在《火影忍者》的情况下完成的。\n\n　　作为集英社的常年合作伙伴，小丑社一直都是《周刊少年JUMP》大篇幅漫画改编的不二之选，《幽游白书》《棋魂》无不如是，还拿下了当年人气蹿升的《火影忍者》。《火影忍者》这边更是吸引了西尾铁也这样的名画师作为制作团队的统领，让作品的战斗回（或者说是“作画回”）为人称道。而在这个情况下，《死神》还能撑住 366 话，还有几个剧场版也可以说得上是奇迹了。\n\n　　动画版《死神》在漫画版基础上的独特之处就是“时髦”。原本久保带人的角色原案就足够美型了，但动画版从第一个 OP 开始，就实现了把当下的潮流和时尚元素融入到作品中去。因此我们可以看到在 OP 中，黑崎一护、朽木露琪亚、石田雨龙、井上织姬等主角众都穿着当下流行的服饰。这也几乎成为了整个“死神”动画的风格，动画人设工藤昌史相当于半个时装设计师，尽可能地把角色帅气的一面展现出来。\n![](https://img01.vgtime.com/game/cover/2020/03/25/200325184331916_u73678.jpg)\n　　而在动画的版权绘里，我们经常可以看到穿着贴身西服的朽木白哉和日番谷冬狮郎秀着自己帅气的面庞和身材；一身流行服饰的主角团如果放到现在今天，依然有着更为流行的可能和资本。这也造就了《死神》动画给观众的第一层，也是最为显层的认知——时髦。再配合上作品“不明觉厉”的台词，“时髦神”也成为了《死神》代名词，甚至漫画中久保带人也开始给各位帅哥靓女设计私服，印在漫画的卷头彩页上。\n![](https://img01.vgtime.com/game/cover/2020/03/25/200325180129747_u73678.jpg)\n　　动画的另一特点则是音乐，动画版《死神》的 OP/ED 选用了嘻哈、流行、电子乐等多种风格，与作品本身极为契合。歌曲几乎传唱大街小巷，甚至当时在国内的理发店、街边的唱片店都会功放《死神》的 OP/ED。\n\n　　动画集合了 UVERworld、ASIAN KUNG-FU GENERATION、Aqua Timez、miwa、SCANDAL、Aimer 和 spyair 等当时或者现在流行的歌手和组合，给《死神》动画的时髦值再一次添砖加瓦。而作品的 BGM 也是由《新世纪福音战士》的作曲家鹭巢诗郎负责，鹭巢诗郎在交响的基础上进一步增加了电子乐元素，这也是当时流行的曲风。\n![](https://img01.vgtime.com/game/cover/2020/03/25/200325180313395_u73678.jpg)\n　　在作画领域上，监督阿部記之利用自己的人脉，叫上了不少当年年轻的画师来“刷脸”，以至于《死神》的制作质量并没有当初被《火影忍者》分流资源后相对独立：龟田祥伦、竹内哲也、藤泽研一、阿部望、米山舞等等现在已经是业界中坚力量的创作者，都曾经在动画中参与了不小的内容，而这些曾经的年轻人也创作出来更为年轻化、流行化的死神。\n![](https://img01.vgtime.com/game/cover/2020/03/25/200325180331172_u73678.jpg)\n　　作品每一话的标题，也就是数字，都是独立设计的。在动画完结前最后一个 OP《HARUKAZE》的演绎中，甚至把整个标题全部连起来，代表着黑崎一护走过的路，其情怀可见一斑。同时少年漫画改编动画一直被诟病的原创回，在《死神》里还有不少篇章得到了好评，尤其是斩魄刀拟人化的篇章，这也算这类作品的第一次。\n![](https://img01.vgtime.com/game/cover/2020/03/25/200325180411712_u73678.png)\n　凭借着在动画版《死神》中的合作，工藤昌史也成为了久保带人的合作伙伴，在久保负责原案的《新樱花大战》里也担任了游戏和动画的人设。\n\n　　但是动画却在千年血战篇期间选择了完结，主要还是被漫画所拖累。当现在新的动画化企划公布，一切的核心问题都指向了千年血战篇本身。', '文化', '《死神》动画化的再开，是一个两头为难的选择', '被动画化的千年血战篇能完成对自己的救赎吗？', '发布', '2020-04-19 13:11:01', '2020-04-19 13:09:13', 'https://img01.vgtime.com/game/cover/2020/03/26/200326161922583_u73678.jpg');
INSERT INTO `topic` VALUES ('1081587', '17', '28', '《战地1》最火爆的那段时间里，我经常加入网战。时间久了突然发现一个规律：相比于喜欢莽的欧美玩家，东亚三国的玩家平均水平似乎更高一点，其中又以日本玩家水平最高。很多时候，我能清楚地意识到，有不少日本玩家极端的熟悉游戏，就好像把地图中的每一棵树都记在了脑袋里。哪里适合蹲、哪里需要快速通过、哪里扔雷事半功倍，哪里容易聚集敌人……\n\n　　《战地》系列的对战地图，比当年 CS 的地图大得多，加之游戏机制更加多样，除非天赋异禀，否则想要成为老手就要付出更多的时间。对于玩家主力即学生和年轻上班族来说，上学、上班之外还要有必要的睡眠、饮食和社交活动 —— 那些日本骨灰级玩家哪里来的时间？\n\n　　后来我才意识到自己想多了：很多玩家本身不上学、不上班的嘛。\n![](https://img01.vgtime.com/game/cover/2020/03/25/200325170733475_u229514.jpg)\n家里蹲，这个很有喜剧色彩的词汇，源于七十年代末我国恢复高考后，对于唯学历论者的一种嘲讽说法。（“你是清华大学的？真厉害啊。我是家里蹲大学的。”）\n\n　　本世纪初，日本人引入了英语词汇 NEET，逐渐与“家里蹲”互相形成对应。NEET 来自英语 Not in Education，Employment or Training 的首字母，上世纪八十年代由英国人首先使用，望文生义，指不上学、不工作，不进修的年轻人。\n\n　　2004 年，学者玄田有史、记者曲沼美惠在《NEET：不是自由职业者也不是失业者》一书中将这个词汇引入日本，恰好能够指代 20 世纪中叶开始在日本出现的一类人群 —— 他们年龄在十几岁到四十岁不等，出于种种理由拒绝上学、上班，终日进行自宅警备。在分工明确的现代社会，不上学、不工作、不进修的人，可以说断绝了和社会生产的大部分联系，久而久之，成为熙熙攘攘世界中的隐藏阴影。\n\n　　根据学术著作和文艺作品的描述，我们可以简单勾勒出家里蹲的典型生活状态：不怎么出家门、除了网络基本没有社交、几乎没有父母以外的经济来源。更严重的家里蹲甚至连房门都不出，吃饭、排泄都在自己的房间解决，已经达到了严重心理疾病的程度。\n\n　　不过，当前的日本主流舆论认为 NEET 这个词汇有歧视色彩，转而用ひきこもり（隐蔽族，完全可以直接翻译成“家里蹲”）来指代这一群体。\n![](https://img01.vgtime.com/game/cover/2020/03/25/200325170517721_u229514.jpg)\n那么，这和游戏有什么关系？\n\n## 以恋爱为名\n持续关注日本动漫游文化的“变态博士”斋藤环认为，家里蹲的问题主要是青春期并未完全结束，心志不如一般成年人成熟，由此抗拒与社会接触，他还曾暴言村上春树“就像是被割去生殖器、痛苦地在麦田里狂奔的十五岁少年”。《在这世界的角落》导演、宫崎骏的门徒片渊须直也认为，“当今世界就算 40 岁的人群也有很多还在后青春期”。\n\n　　家里蹲作为青春期人士，当然是想谈恋爱的，而这又如同我想和滨边美波结婚，都属于痴人说梦。\n\n　　家里蹲数量与日俱增的同时，越来越多文艺作品（主要是 ACG 作品）的目标受众年龄开始专注于高中生到四十岁左右人群，也就与家里蹲的主要人群产生了高度重合。2015 年的日剧《约会~恋爱究竟是什么呢~》虚构了一个男家里蹲和女公务员恋爱结婚的美好故事，即使是在宽松世代（指日本 1987 年之后出生的世代，受 2002 年开始推行的“宽松教育”影响）成为社会主流力量的日本，这种情况在真实世界也是几乎不会出现的。\n![](https://img01.vgtime.com/game/cover/2020/03/25/200325170758955_u229514.jpg)\n既然如此，家里蹲要想谈恋爱，若非天降中原岬，就只能依靠日本游戏行业传统艺能：恋爱 VNG（Visual Novel Game），也就是恋爱题材的视觉小说。\n![](https://img01.vgtime.com/game/cover/2020/03/25/20032517082167_u229514.jpg)\n视觉小说可以算是日本游戏市场独有的黄泉之花。它本质上依然是文字 AVG，但又将游戏性降低到极致，相对应地，对剧情的侧重则远超大部分类型的游戏。\n\n　　对于一般玩家来说，最熟悉的视觉小说莫过于在群体内外造就一大批 PTSD 患者的《白色相簿2》。玩家需要在黑长直倒贴白富美、心机黄毛倒贴选美公主、看破红尘倒贴女同学、弱气倒贴学妹以及社会人倒贴大姐姐中六选一，在铺满白雪的街道展开一段旷世绝恋，然后成为白学病人。游戏编剧丸户史明也一战成名，后续顺理成章推出了白学味道不减当年的轻小说作品。\n![](https://img01.vgtime.com/game/cover/2020/03/25/200325170909322_u229514.jpg)\n除此之外，在内地互联网上古时期就风靡一时的《秋之回忆》系列，以及 Key 社泪崩三部曲 Kanon、Air、Clannad，甚至 N+ 社推出的几部邪道作品如《沙耶之歌》和科学冒险系列（包括大家最喜欢的《命运石之门》），都在日本取得了优秀的销售业绩和口碑。最近甚至出现了以“主角是NEET”为卖点的游戏《Neet and Angel》，可见制作者们也深有心得……\n\n　　这些游戏的共同点就是，玩家可以体验到跌宕起伏的“真实”恋爱。\n\n　　好吧，我是把“真实”加上引号了。\n\n　　作为艺术作品的电子游戏，特别是将剧情作为最大卖点的视觉小说，就算再怎么贴近真实，为了玩家需要，依然会设置种种完全不可能在现实中发生的剧情：醒醒吧，你永远没有机会和两个女孩一起去温泉一泊二日，永远没有机会和黄毛美女补魔，就算你在教室里自己弹着吉他唱着歌也不会有美少女为此对你倾心。梦想是美好的，现实是残忍的。\n\n　　这就造成一个有点尴尬的局面。家里蹲在游玩它们的时候，一边沉醉于其中跌宕起伏的爱情，一边意识到现实生活中根本不会出现这些迷人的情节和女孩，很难说不会对现实更加失望。\n\n　　不过至少我可以在游戏里谈恋爱，不是吗？', '文化', '游戏为何成了「新一代家里蹲」的容身之所？', '普通人可不会因为玩了游戏就变成家里蹲，会变成家里蹲的人迟早会变成家里蹲。', '发布', '2020-04-20 14:52:12', '2020-04-20 14:57:30', 'https://img01.vgtime.com/game/cover/2020/03/25/200325175942493_u229514.jpg?x-oss-process=image/resize,m_pad,color_000000,w_640,h_400');
INSERT INTO `topic` VALUES ('1082337', '22', '22', '在所有 Xbox Series X 的特性里，估计一般玩家第一眼能看到的就是它那与传统主机截然不同的外观样式。在这样一个小巧的长方体机身中包含了强大的性能。设计团队为何选择这种与一般主机完全不同的结构，设计上和以往的游戏主机又有哪些不同和挑战呢？Digital Foundry 这篇深度文章将带你一探究竟。\n\n原文来自 Digital Foundry，原标题《Building Xbox Series X: why Microsoft redefined the console form factor》，作者： Richard Leadbetter。\n\n本文对原文进行了一定程度的编译，使其有更好的阅读体验，图片来源为微软官方，iFixit，以及 Digital Foundry 和 Austin Evans 的视频。\n![](https://img01.vgtime.com/game/cover/2020/04/02/200402173124681_u59.jpg)\n## 平行主板与合金脊柱\n在设计 Xbox Series X 这台主机的初始，研发团队只能纸上谈兵，没有能拿来测试的东西，没有衡量的办法，仅仅知道它的性能会非常强大，并且需要一个完全不同的主机设计思路。\n\n设计之初的基本要素之一是性能这个硬性指标。Xbox 系统架构师们在最初给这台主机顶下的性能目标就是 GPU 图形性能至少为 Xbox One X 的两倍，也就是指 12TF 浮点性能，CPU 至少达到 Xbox One X 四倍性能，且为 Zen 2 架构。\n\n　　另一方面，Xbox One 家族低噪音的优良传统也被团队纳入最初设计目标当中。Series X 在噪音控制上至少要与 Xbox One X 的表现齐平。\n\n在高性能的同时兼顾低噪音和小巧机身，诞生出了如今我们眼前的主机设计。Xbox Series X 的主板被分成了两块：一块是负责性能输出，搭载了主处理器、GDDR6 内存、稳压器等部件；另一块是南桥，也就是负责 I/O 处理的板子。两块主板安在一个铝合金骨架的两面。\n![](https://img01.vgtime.com/game/cover/2020/04/02/200402173146232_u59.jpg)\n有趣的是微软又在主板上留下了彩蛋，而且这次两块主板都有。你会发现两块主板上都有一条蛇，明示了此前传闻中 Xbox Series X 的开发代号“Anaconda”（巨蟒）属实。从 Xbox One S/X 的情况来看，最终这两条蛇也会依附在零售版的主板上。\n![](https://img01.vgtime.com/game/cover/2020/04/02/200402173309242_u59.jpg)\n以往的 Xbox 主机里通常会有一层像外骨骼一般的金属遮罩，把内部器件全部包裹起来。这一代的设计完全变了样，不再有这种全包裹设计。中间的这块铝合金骨架如同 Series X 的脊柱，研发团队在它的基础上构建主机的样子。\n\n“这是这台主机里我最喜欢的部件。”微软首席设计师克里斯·胡雅夫斯基（Chris Kujawski）说道。\n![](https://img01.vgtime.com/game/cover/2020/04/02/20040217334568_u59.jpg)\n散热设计同样重要，微软将 Series X 的散热设计称为“平行冷却架构”。由于这块铝合金脊柱将主板分成了两块，自然主机内部空间也分成了两块平行区域，“平行冷却”的名称就此而来。此外，脊柱根据主机内产生的热量大小进行了非等量分割。这样就给了散热创造了良好条件。\n\n铝合金骨架还干了一件事，就是让内部硬件的排布如俄罗斯方块一般错落有致。倘若我们拆开外壳看一眼，就能知晓主机的内部器件结构，以及它们是怎么拼在一起的。\n![](https://img01.vgtime.com/game/cover/2020/04/02/200402173509331_u59.jpg)\n“很有趣的一点是，如果你回顾以前的世代，我们总是会在这些内部器件外部加上一层精制的金属壳，像一个法拉第笼。”Xbox 电气工程总监安德烈斯·赫尔南德斯（Andres Hernandez）说道，“这一次，我们得想得更开一些。我们有了板载级别的挡板。通过这些局部挡板代替了巨大的金属罩。”\n![](https://img01.vgtime.com/game/cover/2020/04/02/200402133011241_u3555.jpg)\n其中这三块挡板根据各自区域的情况都做了不同的外形设计，使其保证挡板下的部件有着足够的进风量或者散热水平。\n![](https://img01.vgtime.com/game/cover/2020/04/02/200402173606325_u59.jpg)\n\n![](https://img01.vgtime.com/game/cover/2020/04/02/200402173613569_u59.jpg)\n\n![](https://img01.vgtime.com/game/cover/2020/04/02/200402173621799_u59.jpg)\n两块主板往脊柱上一拼，三块铝合金挡板分别往两块主板上一扣，散热器盖在处理器主板的挡板上， 蓝光光驱和电源盖在 I/O 主板的两块挡板上，最后把风扇装在顶部，塞进外壳，主机就成了。  \n![](https://img01.vgtime.com/game/cover/2020/04/02/200402131854841_u3555.jpg)', '文化', '深入Xbox Series X：如何设计高性能低噪音的游戏主机', '强大的性能也带来了颠覆性的内部设计。', '发布', '2020-04-19 13:13:03', '2020-04-19 13:12:33', 'https://img01.vgtime.com/game/cover/2020/04/02/200402152544911_u59.jpg');
INSERT INTO `topic` VALUES ('1082692', '19', '19', '和系列正统作品差不多，《生化危机3 重制版》的奖杯/成就依旧主要分为难度奖杯/成就、特殊条件通关奖杯/成就以及收集奖杯/成就这几种，另外还有几个零星的隐藏条件游玩奖杯/成就，这里就分别进行一下说明。\n\n#### 相关攻略\n\n主线流程全收集图文攻略\n白金/全成就攻略\n全武器及配件收集攻略\n全查理玩偶收集攻略\n全文件收集攻略\n如何快速刷武器杀敌数？\n高难度及特殊要求通关心得\n\n## 难度奖杯/成就\n\n《生化危机3 重制版》共包含五个难度，分别为辅助、标准、专家、噩梦和地狱难度，其中通关专家难度会解锁噩梦难度，通关噩梦难度会解锁地狱难度，游戏奖杯/成就包含通关地狱难度奖杯。\n\n　　游戏还包含了系列经典的限制条件通关奖杯/成就，分别是在两小时内通关/不吃药通关/不开箱通关，再加上游戏最终奖杯需要玩家以 S 评价通关地狱难度（限制 2 小时 + 5 次存档通关，无自动存档），所以就免不了需要刷点数购买无限弹药和各种硬币来武装自己。\n![](https://img01.vgtime.com/game/cover/2020/04/07/200407124751138_u2505.jpg)\n所以，推荐想要白金/全成就的玩家在低难度通过刷武器杀敌数等挑战来拿到点数，首先购买无限火箭筒、攻击硬币、恢复硬币、防御硬币以及作战手册。噩梦和地狱难度下，敌人的攻击欲望和伤害会大幅提升，地狱难度的丧尸只要咬到主角就会秒杀，必须用防御硬币来提升防御力；攻击硬币可以让玩家一炮就把人型追踪者轰趴下，BOSS 也就是五六炮的功夫；恢复硬币可以让玩家不吃药也能慢慢回血；最重要的是作战手册，在对付最终 BOSS 时，可以大幅提升闪避能力，躲开追踪者的爪子连续砸地攻击。\n\n　　接下来提几个地狱难度中比较麻烦的地方：\n\n地狱难度最难的部分可能是开头吉尔只有一把手枪的时候，巴士车旁边新增了一个丧尸，手里只有五发子弹，最好碰运气闪避，仓库中拿七发子弹，之后电梯里出现的丧尸会连续追咬，一定要注意攻击让它停下来；\n见到卡洛斯之后要进行第一次保存，否则一下子失败了又要从开场手无寸铁状态开始；\n查理玩偶商店的头炸下来之后滚动速度超级快，一定要立刻用快速转身直着往下跑，到楼梯底之后再右转；\n卡洛斯警察局关卡，开头遇到丧尸布拉德一定要连续射击，千万不要试着射脑袋，地狱难度布拉德特别耐打，并且会冲过来秒杀卡洛斯；\n其他四个保存点推荐：火焰喷射器追踪者 BOSS 战前；警察局关卡后；医院防守关后；最终 BOSS 战前；\n最终 BOSS 战由于脓包特别多，用无限火箭筒反而更容易一炮轰掉好几个脓包。\n## 特殊条件通关奖杯/成就\n两小时通关可以通过在商店直接购买开锁工具和钳子来节省时间，并且岔路都不需要走（有无限火箭筒，就没必要在下水道拿发射器、医院找 .44 闪电鹰，武器都可以扔到箱子里），而且不一定用辅助难度，反正地狱难度也需要两小时通关拿 S 评价才有奖杯/成就拿。\n\n　　不吃药通关奖杯推荐用辅助难度做，发电厂被寄生桥段可以吃旁边桌子上的绿草去除寄生虫，除此之外不能再用任何草药或是喷雾，带上恢复硬币即可。\n\n　　不开箱通关推荐单独做，我是另开了个辅助难度只达成这个条件。不开箱即玩家不能用商店内购买的任何物品，必须一步步按照流程去走，不要在意通关时间和评价，尽量把开锁工具之类的重要道具用完然后扔掉，不推荐拿 .44 闪电鹰，因为辅助难度弹药充足。\n\n## 收集奖杯/成就\n收集内容包括查理玩偶、文件、武器（配件虽然没有对应奖杯/成就，但也推荐获得）以及所有的锁（保险箱、保险柜、储物柜和可开的锁），对应攻略如下：\n\n全查理玩偶收集攻略\n全文件收集攻略\n全武器及配件收集攻略\n主线流程全收集图文攻略\n　　所有的锁，包括了三个保险箱，还有大量用开锁工具和钳子打开的锁，在主线攻略中可以用 Ctrl + F 搜索「简易锁」和「锁链」即可找到对应位置。\n## 隐藏条件游玩奖杯/成就\n#### 击退了 Nemesis —— 迫使 Nemesis 放开一件物品\n游戏中有四个可以让追踪者掉落箱子的地方，分别是：\n\n离开发电厂追踪者破墙；\n打通地铁路线离开甜甜圈店，发现追踪者制造寄生丧尸；\n与卡洛斯分开，独自前往下水道；\n玩具店查理大头掉落后追踪者带着火箭筒出现。\n![](https://img01.vgtime.com/game/cover/2020/04/07/200407124832716_u2505.jpg)\n#### 力量之石 —— 将所有宝石放入钟楼纪念碑\n专家难度以下三个宝石分别位于玩具店、甜甜圈店和超市内，需要拿着开锁工具和钳子开锁才能拿全。\n\n\n#### 电力流通 —— 在五分钟内收集仓库内的保险丝\n在开始收集保险丝前，建议先保留存档，能拿着无限火箭筒更好，最后两个保险丝先不要上楼梯，直接操纵楼梯旁的升降台去拿会刷出来大量僵尸和猎杀者的保险丝，再通过升降台直接进入安全屋旁边有苍白头颅的房间，下梯子拿最后一个保险丝，之后迅速回去安装即可。\n\n\n#### 一石二鸟 —— 使用一发子弹击败两名敌人\n有多个可以解开这个奖杯的地方，比较早的是发电厂打开最后一个断路器，回头茧破掉同时跳出来两个虫子，可以用一发散弹枪解决，后期 .44 闪电鹰贯穿效果很好，也可以留到那个时候解开。', '攻略', '《生化危机3 重制版》白金奖杯/全成就攻略', '更多《生化危机3 重制版》攻略，尽在游戏时光。', '发布', '2020-04-20 15:01:05', '2020-04-20 15:07:51', 'https://img01.vgtime.com/game/cover/2020/04/07/20040712501983_u2505.jpg');
INSERT INTO `topic` VALUES ('1082926', '18', '27', '光荣特库摩旗下的品牌组 Omega Force 今年开年就送上了两部版权改编作品《女神异闻录5 乱战 魅影攻手》和《海贼无双4》，相比前者，在名称中带有“无双”的《海贼无双4》会让“割草”爱好者们更有熟悉的感觉。\n\n　　《海贼无双》系列的角色设计和角色招式非常贴合原作，是它的一大特点，更重要的是，系列一直以来的诚意都很充足，角色的动作模组有相当一部分是重新制作的。甚至于《大蛇无双3》中的雅典娜，其模组也是参考了《海贼无双》系列的前海军大将青雉。\n![](https://img01.vgtime.com/game/cover/2020/04/08/20040818010981_u73678.jpg)\n那么这次的《海贼无双4》呢？\n## 虽然叫“4”，但是可以写成“重启”\n或许这部作品的命名方式更应该是《海贼无双》加上某个副标题的模式。如果玩家即便没玩过《海贼无双》的三部前作，也可以畅玩这款游戏，无论是剧情和玩法，它都是对系列的一次“软重启”。\n\n　　本作的剧情没有延续《海贼无双3》的故事线，而是直接从头开始。不过受限于原作漫画近一千话的篇幅，《海贼无双4》并没有事无巨细地对草帽一行的旅程进行描绘，而是着重选取了大事件。因此，对于路飞在伟大航路之前的种种旅程都一笔带过，直接进入“阿拉巴斯坦”对决沙·鳄鱼。\n![](https://img01.vgtime.com/game/cover/2020/04/08/20040818015449_u73678.jpg)\n因此，本作的剧情模式提供了六个篇章，即“阿拉巴斯坦篇”“司法岛篇”“顶上战争篇”“新世界篇（实际上是以德雷斯罗萨为主）”“托特兰（万国）篇”和原创的“和之国篇”。即便玩家不是《海贼王》的粉丝，也能直观地感受整个故事的剧情。\n\n　　剧情选择所带来的结果有好有坏。好的方面就是对于原作观众来说，剧情已经很熟悉了，没必要再事无巨细地走一遍，玩家对游戏的需求更多的是操作原作角色来感受一骑当千的快感。而对于不了解原作的玩家来说，言简意赅的剧情显得不是那么冗长。\n\n　　那么坏的方面就是几大章节之外的许多人物就无法登场了，就算他们好用又有人气也不行，比如系列中高难度“作弊”人物艾尼路和毒毒果实的拥有者麦哲伦。\n![](https://img01.vgtime.com/game/cover/2020/04/08/200408183556468_u73678.jpg)\n美中不足的，当属剧情中大众脸和原创的“和之国”剧情了。无双系列的玩家对大众脸已经是非常熟悉了，在本作中，不少大众脸充当了作品中有头有脸的角色。最为显眼的就是两年后成为“四皇”的黑胡子了，牌面可谓是相当之差，非大众脸的只有一个巴杰斯。也因为原作进度的关系，和之国篇的内容显得十分王道，并没有原作所上演的环环相扣的紧张感。\n![](https://img01.vgtime.com/game/cover/2020/04/08/200408180713629_u73678.jpg)\n剧情的还原度也是系列的一个特点，原作中经典的桥段都在游戏内得到了很好的表现。新篇章中，像路飞对战卡塔库栗的剧情动画还原得就相当优秀。几个新地图，尤其是托特兰篇对童话王国的还原也是可圈可点。不过作品中有很多似曾相识的地图，像托特兰篇的最终决战就神似《三国无双》《战国无双》的某些关卡，还有很多关卡的地图也“浓缩”成了一本道。\n![](https://img01.vgtime.com/game/cover/2020/04/08/200408180725384_u73678.jpg)\n总之，这部作品就剧情而言，完全可以当做《海贼无双》系列的“重启之作”，没玩过前作的玩家也不需要有什么包袱可言，无论是系列的粉丝，还是无双类的爱好者，都能找到很多的乐趣。\n\n　　当然，战斗也是。\n## 改变又延续传统的战斗\n在讨论无双类游戏的战斗系统时，我们是很难回避“C技”，也就是蓄力攻击。所谓的 C 技，就是通过普通攻击和蓄力攻击的组合，角色能够衍生出多种招式。利用这些招式，玩家在游戏中实现多种多样的“割草”方式。这是无双系列游戏的核心乐趣，粉丝们津津乐道的话题。\n\n　　但无双类游戏也不总是这样的，《勇者斗恶龙：英雄》为了体现作品的 ARPG 要素，并且降低作品的操作难度，把 C 技换成了肩键+功能键这样“固定技”这种形式。这个创举，影响到了后面的无双游戏，乃至其他厂商的无双式游戏，《真·三国无双8》《Fate/EXTELLA Link》都是其中典型。\n\n　　《海贼无双4》也受到了这个设计的影响，本作没有了一键（以 PS4 为基准的话就是圆圈键）无双，也没有 R3 觉醒，取而代之的就是肩键+功能键的方式。本作把“必杀技”分为三个类别、四个等级（用星星代替）——类别之一就是一星和二星，即传统意义上的必杀技，包括增益和回血技能；类别之二为三星和四星，即无双技能，伴随着释放特写；类别之三即为觉醒技，旨在增强角色一段时间的强度和属性。上述所有的招式都需要玩家通过常规攻击来积攒气槽来释放。\n![](https://img01.vgtime.com/game/cover/2020/04/08/200408180832788_u73678.jpg)\n也就是说，即便《海贼无双4》采取了肩键+功能键的必杀技释放方式，但没有改变抛弃无双系列招牌式的 C 技。玩家依旧可以通过传统的 C 技来释放出非常连贯的招式，以实现大规模清兵的效果，进而积攒气槽。同时，因为草帽一伙两年前两年后的差别，作品还为这些主角们提供了两套操作系统，当然，这也不可避免地有系列以往作品动作系统的再利用。\n![](https://img01.vgtime.com/game/cover/2020/04/08/200408180843419_u73678.jpg)\n同时，游戏的加点也非常有特色，玩家通过打败敌人、完成关卡得到硬币，进而进行加点。本作加点的形式是小岛，加点主要的内容是增强基本属性和解锁招式，招式包括特性、C 技和固有技。本作一共提供三个可加点的小岛，一个是共通的属性，另两个则是角色专属，角色专属的第二个小岛需要增加所谓的伙伴等级，换个熟悉的说法，就是“羁绊”。\n\n　　这就是《海贼无双4》战斗系统的全部了吗？当然不。\n![](https://img01.vgtime.com/game/cover/2020/04/08/200408180859664_u73678.jpg)\n## 来场大魄力的BOSS战吧\n在本作中，由于《海贼王》的“四皇”——“Big Mom”夏洛特·玲玲和“百兽”凯多的加入，让作品有机会去实现大魄力的 Boss 战。在这些两个四皇对应的篇章里面，对战大妈、杰克和凯多，包括顶上战争的战国，敌人都是极为巨大的体型。这不由得让人们联想起 Omega Force 另一个主要游戏类型，共斗。\n![](https://img01.vgtime.com/game/cover/2020/04/08/200408181854420_u73678.jpg)\n众所周知，Omega Force 品牌组除了“无双”之外，还有《讨鬼传》系列和《进击的巨人》系列，这些作品都是主打大型 Boss 战的游戏。《海贼无双4》让我们看到了制作组在这个方向上所做出了努力——体型庞大的 Boss 战、与伙伴联网的功能，以及地图中大量的可以破坏的场景所营造出的氛围。\n![](https://img01.vgtime.com/game/cover/2020/04/08/200408181916462_u73678.jpg)\n《海贼无双4》的每个篇章中几乎都有一对一的战斗，玩家要对战沙·鳄鱼、路奇、黑胡子、堂吉诃德·多弗拉明戈、大妈和凯多等等角色，这些一对一战斗也鼓励玩家更重视策略和时机，而非按键的节奏。\n\n　　不过遗憾的是，这方面完成度一般。\n\n　　这主要是因为作品针对 Boss 和非杂兵的大众脸增加了一套防御系统，也就是盾牌。正常有盾牌的状态下，这些敌人的防御力是非常强的。玩家需要打掉盾牌，然后敌方会进入衰弱的状态，再进行主要的伤害输出。\n\n　　一般的大众脸武将有一个盾牌，而非关卡最终 Boss 的角色为两个盾牌，关卡 Boss 战则是四个盾牌。这套系统主要是针对作品自然系恶魔果实持有者的，在原作设定中，自然系果实普通攻击是没有作用的，需要用霸气进行攻击。因此，为敌方提供一个衰弱的空间进行强攻，看起来是非常合理的。\n\n![](https://img01.vgtime.com/game/cover/2020/04/08/200408181933355_u73678.jpg)\n但是这些一对一战斗，Boss 们往往会进入强制霸体阶段，即盾牌槽打不掉；同时，由于无双系列本身的战斗逻辑就不太严谨，或者说更估计玩家放飞自我，而非一板一眼，因此这样的趋势不能扭转，就导致了一对一战斗就显得非常“乱”。这个乱主要是指玩家在敌人霸体的情况下，击中对方的反馈也不够直接，“对面什么时候打到我，怎么还掉这么多血量”的情况依旧存在。\n\n　　除了剧情模式之外，游戏还提供了一个地图随机、人物固定的模式，类似于《海贼无双3》的海岛模式。关卡没有“难度”，越往后的关卡，敌人就越难缠，甚至超过了无双正代的最高难度。因此，玩家需要合理分配自己的技能。但即便把所有技能点点满的情况下都可能被虐杀，这就引出来本作，乃至整个系列一直以来都存在的问题——不平衡。\n\n　　《海贼无双》前三作以艾尼路和青雉为首的自然系之强大还历历在目，本作角色的强主要围绕在两个“四皇”，也就是前文提到的大妈和凯多身上。如果合理搭配好技能和增益，用这两个超强角色在后面超难关卡中也几乎如履平地。可如果我非得用自己喜欢的角色呢？我建议可以试试，但是以我的操作水准，我是放弃了，为了通关乃至白金不得不采取一些功利性的手段。\n\n![](https://img01.vgtime.com/game/cover/2020/04/08/200408182035805_u73678.jpg)\n\n本作联机模式也没有达到“共斗”的水平，场面显得更乱了。不过大家对于“无双”的期待显然不是如此，这个系统本身也只是一种调剂，或者说找个强力的帮手来“逃课”而已。\n总而言之，《海贼无双4》最终所呈现的素质和想法，的确令人喜出望外。它所带来的战斗系统的确相对于以前更为完善，无论是爽快感还是操控性都甚至可以与那些最为优秀的“无双”游戏比肩。剧情的“重启”也可以让不了解系列的无双玩家加入进来。\n![](https://img01.vgtime.com/game/cover/2020/04/08/20040818251011_u73678.jpg)\n尽管它的一些想法，比如一对一的战斗还有联网功能等，在执行上还需要打磨，但是我们看到了这个制作组想要把这个系列打造成一个更为完美、更为出色的游戏，而非市面上常见的衍生品。所以，在和之国篇章之后，系列再出一个完整版的续作，加入光月御田、狂死郎、奎因和烬等角色也足够令人期待了。\n\n![](https://img01.vgtime.com/game/cover/2020/04/08/200408182523383_u73678.jpg)\n\n至少作为一个《海贼王》的忠实粉丝，《海贼王》当下的一切都足够令人满意：原作漫画和之国篇给作品的意义拉高到一个前所未有的高度（即便之前就很高了）；动画层面，TV动画和之国篇制作规格提升、剧场版《狂热行动》彰显了一个老牌动画公司的底蕴和能量、与日清杯面的跨界合作也带来一个不一样的《海贼王》。\n\n　　《海贼无双4》没有拖它们的后腿，只不过流程和篇幅再长一点就好了。\n![](https://img01.vgtime.com/game/cover/2020/04/08/200408182537715_u73678.png)\n\n', '评测', '《海贼无双4》评测：完善与取舍的重启之作', '《海贼无双4》最终所呈现的素质和想法，令人喜出望外。', '发布', '2020-04-20 15:21:29', '2020-04-20 15:26:18', 'https://img01.vgtime.com/game/cover/2020/04/08/200408183856262_u73678.jpg');
INSERT INTO `topic` VALUES ('1082992', '17', '29', '笔者玩游戏时有个谈不上毛病的毛病，那就是通关之前绝对不看任何相关的消息。这个毛病从原版的《生化危机3》开始，直至最近发售的《生化危机3 重制版》也没有根治。之所以如此，一定程度上是为了增加新鲜感，我笃信“恐怖源自未知”的原理，即使生化危机变得越来越不恐怖，重制版的内容也谈不上未知。\n\n　　当然，《生化危机3 重制版》还是值得一试的。该系列的年龄接近而立，但素质居然保持得还算不错，而现代化的、可爱的、仍是单身的吉尔，也确实能够撩动老玩家的心弦。\n![](https://img01.vgtime.com/game/cover/2020/04/09/200409143906678_u229514.png)\n自私一点的说，本作有着生化危机史上最别致的开场，精彩程度要比《生化危机2 重制版》高出很多，不仅附带了《寂静岭4》的风格，气氛渲染则向《生化危机7》靠拢。\n\n　　总之，游戏的起始观感有着徐徐叙事的感觉，有着想要勾起人物弧光的野心。无论是房间里的照片、地图、贝雷帽以及药品，还是披萨、冰箱、字条和吉尔的若干生活照，它们似乎都在暗示这一点。\n\n　　拜高清画面所赐，追击者那种“追你到天涯海角”的冲击力渲染得十分出色，噩梦惊醒与砸墙而至令人颇感震撼，似乎一切都在倒塌，一切都在燃烧。本作镜头的运用水平也提高了好几个档次，登场人物的造型同样恰如其分。\n\n　　这个过程，让我明白隐隐约约明白了一件事。《生化危机3重制版》开场时的清风徐来大概是假象，内容的狂风暴雨才是主旨。接下来的一切，证明了这一点。\n## 简单粗暴和粗中有细\n《生化危机3 重制版》中仍然存在调配资源的概念，只是很多时候让人感觉不太必要。即使玩家在取得霰弹枪之前要几经周折的拿到消防管和卡钳，但一路上的手枪子弹也是够用的。更别说汽油桶这个群攻式的被动“武器”，多到感觉有点对不起敌人。\n\n　　记得原版也有汽油桶，但很难拿来全灭丧尸群，还需要用子弹查漏补缺。而对于新作来说，场景道具的设计变得更加简单或者……呃，粗暴？\n\n　　事实上，这与《生化危机3 重制版》丧尸数量息息相关，也是较为宽阔的场景所决定的。卡普空试图利用数量来创造压迫感，让丧尸们聚集在小道，拐角和门后，四到五只一起出现的场景并不少见。粗中有细的是，变强的主人公与数量增多但强度下降的敌人相结合，确实会给人带来一种莫名的爽快感。\n![](https://img01.vgtime.com/game/cover/2020/04/09/200409144049714_u229514.png)\n至少和《生化危机2 重制版》比较起来，本作的爆头更有威力了，加上汽油桶、放电箱的存在，致使游戏的体验有点套路化 —— 遇见复数丧尸就挨个点头，能跑就跑。咬几下也没关系，QTE 的存在会使伤害减少三分之一。而蛰伏于电厂的变异跳蚤威胁也不大，换句话说就是没什么存在感，恶心感倒是挺足的。\n\n　　顺畅的游玩体验可能会让新玩家满意，但对于系列的老玩家来说，套路化总让人觉得缺了点生化危机应有的刺激。比如我在第一次面对追击者时，手枪和散弹枪的子弹不仅还有盈余，加上放电箱的配合，Boss 很快就缴械投降了。\n\n　　这种感觉，就像是吃烤肉喝啤酒时，发现肉烤的不够香辣，啤酒也不是冰镇的。而且纯粹用手枪和刀来击败追击者也是可能的。并非笔者的操作够好，毕竟我打《黑暗之魂3》的古达都用了半个小时，而是游戏独有的“完美闪避”系统帮了大忙。\n![](https://img01.vgtime.com/game/cover/2020/04/09/200409144125193_u229514.png)\n## 完美闪避和无聊射击\n《生化危机3 重制版》的闪避有两种。第一种是接触式挣脱，侧身位面对丧尸按下跑步键，它们只能“巴拉”你肩膀一下，不会造成伤害。\n\n　　挣脱方法和面对丧尸的位置无关，只要是侧身位无论左右都行，但发动的时机和距离需要大量练习，而且泛用性有限，面对复数丧尸以及非丧尸类型敌人时无效。\n![](https://img01.vgtime.com/game/cover/2020/04/09/200409150235167_u229514.gif)\n第二种是不接触式挣脱，也就是直接按“闪避键”。如果在敌人发动攻击的一瞬间按下闪避键，吉尔能够完美躲开攻击，并且附带有画面效果提示，一般称为“完美闪避”。而卡洛斯的完美闪避更具特色，他会挥出一记重拳，击倒面前的敌人，此时仿佛看见了《生化危机5》的克里斯灵魂附体。\n\n　　完美闪避不仅面对丧尸有用，对于中后期的狗狗、猎杀者、苍白头颅，包括追击者同样有效。而且该挣脱方法的学习成本低、发动时机固定、较容易掌握，找个落单的敌人稍微练习一下就好。\n\n　　值得琢磨的是，完美闪避成功后会进入短暂的“子弹时间”，此时准星将瞄准敌人的要害部位，发动攻击时有暴击加成的效果，类似《鬼武者》中的“一闪”。\n\n　　因此对于一部分玩家来说，《生化危机3 重制版》可能会带来一种全新的乐趣，你可以尝试连续闪避堵在狭窄通道的复数丧尸、从下往上剖开敌人、或者将鲜有出现的狗狗一枪钉死，三枪爆开追击者的机械心脏……\n\n　　面对下水道的谭鱼头（猎杀者γ）时，我便没有使用系统提示的火焰弹，而是用手枪配合闪避解决。可惜的是敌人一共也没几只，稍微有点不过瘾。\n\n　　某种程度上，你可以把《生化危机3 重制版》当成动作游戏来玩。但随着流程的推进，一个看似不成问题的问题出现了，子弹多了、草药多了，火药也多了。\n\n　　这个问题直到后期也没能平衡。面对追击者的蜘蛛侠形态时，我只有不断的倾泻各类弹药、用光库存，潜意识告诉自己这是一场生化危机的 Boss 战。用地雷弹埋伏在敌人经过的墙上，把它炸翻落地后冲着暴露出的心脏猛击，突然有点索然无味。\n\n　　即使是卡洛斯的医院防守战可以消耗一些弹药，但也远远没有《生化危机4》木屋防守战中手心出汗、命悬一线的感觉。\n![](https://img01.vgtime.com/game/cover/2020/04/09/20040914433449_u229514.png)\n无论是完美闪避还是冗余的资源，都致使《生化危机3 重制版》的流程变短。加上游戏的人物刻画过于“鲜明”，没什么诡计也没什么铺垫，种种的因素相互叠加，致使游戏的观感就是“轰轰轰”、“啪啪啪”、“哗哗哗”，“滋滋滋”。\n\n　　再说本作的谜题既不难也不多，通关之后印象全无。唯一的好处，是让我迅速有了挑战专家难度的勇气。我不仅要问卡普空：大哥，你把游戏搞这么短，是不是故意的？', '评测', '《生化危机3 重制版》评测：继承缺点的“完美复刻”', '玩家很矛盾，卡普空也很矛盾。', '发布', '2020-04-20 15:12:49', '2020-04-20 15:16:28', 'https://img01.vgtime.com/game/cover/2020/04/09/200409145910320_u229514.jpeg');
INSERT INTO `topic` VALUES ('1083048', '6', '6', '## 新手必读\n上手指南+新手须知+实用心得\n\n如何解锁角色第二个极限技\n## 武器道具收集\n全魔晶石效果介绍+获得方法\n\n全召唤兽获得方法详解\n\n全武器获得方法详解\n\n全音乐唱片位置 + 收集\n\n全部“敌方招式”位置\n\n全战斗报告一览+完成方法 \n\n如何获得稀有饰品「诸神黄昏」？\n## 支线任务\n全支线任务详解\n\n第九章不同支线任务开启方法\n\n如何触发所有乔尼的事件\n## 礼服解锁方法\n蒂法 爱丽丝 克劳德礼服怎么解锁（内有福利可提前观看）\n## 白金攻略+技巧心得\n奖杯列表 & 白金攻略\n\n如何在摩托车游戏中获得杰西称赞\n\n如何触发所有乔尼的事件\n\n如何让力竭伤害倍率提升至300%\n\n二周目困难模式变化+技巧心得\n\n如何获得稀有饰品「诸神黄昏」\n## 全流程视频\n全流程剧情动画合集', '攻略', '《最终幻想7 重制版》攻略索引', '更多《最终幻想7 重制版》攻略，尽在游戏时光VGtime。', '发布', '2020-04-19 18:05:45', '2020-04-12 17:51:47', 'https://img01.vgtime.com/game/cover/2020/04/09/200409222913155_u59.jpg');
INSERT INTO `topic` VALUES ('1083159', '19', '19', '《最终幻想7 重制版》的奖杯难度属于中上水平，至少要打二周目，并且还要在二周目后选择章节完成某些特定条件，所以耗时也不短，不过这对于一款 RPG 来说也是正常的事情。好在游戏中没有会错过的奖杯，并且都可以通过通关后的选择章节进行补完，所以无需担心。\n## 奖杯列表\n![](https://img01.vgtime.com/game/cover/2020/04/10/200410172923538_u2505.jpg)', '攻略', '《最终幻想7 重制版》攻略：奖杯列表 & 白金攻略', '更多《最终幻想7 重制版》攻略，尽在游戏时光VGtime。', '发布', '2020-04-20 15:05:09', '2020-04-20 15:07:55', 'https://img01.vgtime.com/game/cover/2020/04/12/200412141817527_u2505.jpg');
INSERT INTO `topic` VALUES ('1083297', '6', '6', 'PlayStation 近日公布了三月美服商店下载排行榜，前三名分别是《使命召唤 现代战争》《美国职业棒球大联盟 20》和《GTA5》，值得一提的是，《使命召唤 现代战争》的 F2P 内容「战区」位列免费内容排行榜第一。\n![](https://img01.vgtime.com/game/cover/2020/04/12/200412131027471_u2505.jpg)\n\n#### PS4 游戏\n使命召唤 现代战争\n美国职业棒球大联盟 20\nGTA5\n毁灭战士 永恒\n使命召唤 现代战争2 战役高清版\n我的世界\nNBA 2K20\n仁王2\nTHE FOREST\n刺客信条 奥德赛\n全境封锁2\n女神异闻录5 皇家版\n彩虹六号 围攻\nFIFA 20\n火箭联盟\n生化危机2 重制版\n模拟人生4\nNHL 20\n毁灭战士\nUFC 3\n\n#### F2P 游戏\n使命召唤 战区\n堡垒之夜\nApex英雄\nBrawlhalla\n无畏\nCuisine Royale\nDOGFIGHTER -WW2-\n战争前线\n星际战甲\n3on3 街头篮球', '新闻', 'PlayStation美服三月下载排行榜：《使命召唤 现代战争》一马当先', '你们熟悉的朋友在第三。', '发布', '2020-04-19 18:09:52', '2020-04-19 18:25:03', 'https://img01.vgtime.com/game/cover/2020/04/12/200412131027471_u2505.jpg');
INSERT INTO `topic` VALUES ('1083553', '21', '21', '由 Supermassive Games 开发的系列恐怖游戏《黑相集》即将推出第二部作品「希望渺茫」。本作的发行商万代南梦宫也公布了全新宣传影片，时长 2 分钟。\n\n在《黑相集：希望渺茫》中，一位教授和他的四名学生被困在一座孤立偏僻的小镇上。他们五人必须想尽办法逃出生天，并揭露事件背后的黑暗阴谋。在此过程中，玩家的选择将直接影响剧情的发展。前作「棉兰号」的多人游戏模式也在本作得以保留。\n\n　　《黑相集：希望渺茫》确定登陆 PS4 / Xbox One / PC 平台，预计在 2020 年夏季发售。根据外商泄露的信息，本作的具体发售日期可能是 6 月 15 日。\n![](https://img01.vgtime.com/game/cover/2020/04/15/200415122553201_u202875.jpg)\n\n![](https://img01.vgtime.com/game/cover/2020/04/15/20041512261444_u202875.jpg)\n\n![](https://img01.vgtime.com/game/cover/2020/04/15/200415122623458_u202875.jpg)\n\n![](https://img01.vgtime.com/game/cover/2020/04/15/200415122628800_u202875.jpg)\n\n![](https://img01.vgtime.com/game/cover/2020/04/15/200415122633529_u202875.jpg)', '新闻', '《黑相集：希望渺茫》最新宣传影像：在恐怖中破解谜团', '本作将在今年夏季发售。', '发布', '2020-04-19 13:18:49', '2020-04-19 13:17:35', 'https://img01.vgtime.com/game/cover/2020/04/15/200415122647747_u202875.jpg');
INSERT INTO `topic` VALUES ('1083566', '22', '22', '《魔兽世界》作为一款 PC 网络游戏长久以来只支持键盘鼠标的输入方式，这也是绝大多数 PC 网游的做法。不过在新资料片《暗影国度》中，暴雪决定为游戏添加更多输入设备支持。\n\n![](https://img01.vgtime.com/game/cover/2020/04/15/200415133032791_u3555.jpg)\n暴雪社区经理 Kaivax 近期在官方论坛的答疑中回答了相关问题。他表示长久以来团队注意到有一小部分玩家通过第三方插件的方式让游戏支持手柄输入。团队如今想让游戏的可及性变得更高，因此希望在《暗影国度》中为 Xbox 无障碍手柄等手柄输入设备添加支持。\n\n      未来习惯传统手柄操作的玩家和残障人士玩家也可以更容易地上手《魔兽世界》。Kaivax 还表示团队完全鼓励社区内开发这种满足特定需求插件的行动。\n![](https://img01.vgtime.com/game/cover/2020/04/15/200415133152283_u3555.jpg)\nXbox 无障碍手柄是微软于 2018 年为残障人士玩家推出的特殊手柄输入设备，支持各种特殊外观和操作的按键、摇杆等配件，让这些特殊人群也能尽情享受乐趣。', '新闻', '《魔兽世界 暗影国度》将支持Xbox无障碍手柄', '让更多玩家能享受适合自己的输入方式。', '发布', '2020-04-19 13:22:48', '2020-04-19 13:21:47', 'https://img01.vgtime.com/game/cover/2020/04/15/200415133429266_u3555.jpg');
INSERT INTO `topic` VALUES ('1083569', '21', '21', '万代在今日宣布，自己旗下的电子宠物「拓麻歌子」将与《新世纪福音战士》（EVA）开展联动，官方将推出 EVA 限定版电子宠物机。\n\n![](https://img01.vgtime.com/game/cover/2020/04/15/200415134426170_u202875.jpg)\n此款电子宠物机的全称为「泛用蛋形决战兵器 エヴァっち」。玩家可以在机器内培养 20 种以上的使徒，还有机会培育出绫波丽等主角。官方在原版游戏的基础上加入了各种 EVA 的设定，熟悉原作的朋友一定会倍感亲切。\n![](https://img01.vgtime.com/game/cover/2020/04/15/200415134113891_u202875.jpg)\nEVA 限定版电子宠物机标准售价为 2530 日元（人民币 165 元），分为初号机、绫波丽蓝和明日香红三种款式，三款商品都将在今年 6 月 13 日发售。万代官方商城已从今天开始接受预订，感兴趣的朋友请分别前往以下链接购买：初号机款/绫波丽蓝款/明日香红款。\n![](https://img01.vgtime.com/game/cover/2020/04/15/200415134444979_u202875.jpg)', '新闻', '万代推出EVA电子宠物 泛用蛋型决战兵器登场！', '感兴趣的朋友一定要抓紧时间。', '发布', '2020-04-19 13:25:47', '2020-04-19 13:24:50', 'https://img01.vgtime.com/game/cover/2020/04/15/200415141142919_u59.jpg?x-oss-process=image/resize,m_pad,color_000000,w_320,h_200');
INSERT INTO `topic` VALUES ('1083574', '24', '24', 'Square Enix 于 2019 年 TGA 上公布了 JRPG 新作《勇气默示录2》，游戏相比前两作用了“新的世界、新的故事和全新的光之英雄”这一概念，新一期的《Fami通》对浅野智也和高桥真志两位制作人行了访谈，透露了有关本作的更多情报。\n\n![](https://img01.vgtime.com/game/cover/2020/04/15/200415152938560_u162815.jpg)\n首先最有争议是本作的标题，《勇气默示录2》之前实际上有《勇气默示录 飞翔妖精》和《勇气默示录 终结次元》两款作品，甚至“终结次元”的主标题还冠上了“Second”，对此浅野制作人表达了对粉丝的愧疚，因为“终结次元”在各个层面都没能满足玩家的期待，而《勇气默示录2》正是制作组想要回归初心，为玩家带来全新登场人物和世界观的“完全新作”。\n![](https://img01.vgtime.com/game/cover/2020/04/15/200415153038287_u162815.jpg)\n事实上在经历《勇气默示录 终结次元》口碑滑坡后，制作组一度雪藏了该系列，并去进行了《八方旅人》的制作，因为大家都认为《勇气默示录》系列的未来很严峻。转机是这之后手游《勇气默示录 妖精效应》的制作人员表达想要制作正统作的愿望，在被推了一把后才有了全新的企划。\n![](https://img01.vgtime.com/game/cover/2020/04/15/200415153431706_u162815.jpg)\n角色设计方面，《勇气默示录》系列最早由吉田明彦担任概念美术和角色设计，各角色职业的设计则请到了生岛直树在内的众多画师。到了《八方旅人》时，游戏原画和角色设计则全都交由生岛直树负责，《勇气默示录2》中生岛老师也将负责全部的角色和职业设计。\n![](https://img01.vgtime.com/game/cover/2020/04/15/200415153251196_u162815.jpg)\n音乐方面《勇气默示录2》保留了系列前作的 Revo 团队，从此前给出的试玩 Demo 来看，新作的曲风更加得温和、哀愁，并且曲目数量将比前作增加不少。目前游戏已在 eShop 各服推出了试玩版，包含中文字幕，有兴趣的可以前去一试。', '新闻', '《勇气默示录2》制作组谈新作标题：反省后的回归初心之作', '虽然是系列第三作但叫做“勇气默示录2”。', '发布', '2020-04-19 13:28:21', '2020-04-19 13:27:30', 'https://img01.vgtime.com/game/cover/2020/04/15/200415153757824_u162815.jpg');
INSERT INTO `topic` VALUES ('1083586', '19', '19', '《最终幻想7 重制版》中有一个名为「诸神黄昏」的饰品，效果是战斗开始时佩戴者的极限技槽加满，并且会在战斗中不断回复。获得这个饰品的详细解锁步骤如下：\n\n　　① 通关一周目游戏，解锁 HARD 难度和选择章节功能。\n\n　　② 玩家需要完成第九章和第十四章中所有的古留根尾地下竞技场挑战，值得注意的是在第九章主线击败 BOSS「地狱屋」回到竞技场一楼大厅后，不要推主线，立刻回头坐电梯下去开始本章节自由挑战，因为爱丽丝的个人挑战只有在这个时候可以进行，错过的话只能选章节了。\n\n　　③ 以 HARD 难度读取第十七章，找到查德利进行 VR 模拟战斗，完成前面十三个挑战之后，会出现第十四个挑战。该挑战为 BOSS 连战，对手依次是希瓦、胖陆行鸟、利维坦、巴哈姆特以及傲慢巨怪零号机，击败傲慢巨怪零号机就可以获得「诸神黄昏」。  \n\n\n\n\n最后介绍一下傲慢巨怪零号机的战斗思路，其属性如下：\n\n弱点·有效：雷\n抗性（弱）：火、固定伤害\n抗性（强）风\n无效：毒、沉默、睡眠、迟钝、停止、狂暴、比例伤害\n吸收：无\n　　推荐派克劳德、爱丽丝和蒂法上场，并确保其中两名角色的护甲都附上有冰无效的魔晶石，并让克劳德和蒂法都装备头带来提防希瓦使用的睡眠。在零号机的脚下进行输出来增加敌人的力竭槽。零号机最致命的攻击是投技抓住一名角色，摔在地上直接秒杀。此时只能操控其他角色努力朝零号机的手臂进行攻击，来让它放开被抓住的角色。\n![](https://img01.vgtime.com/game/cover/2020/04/15/200415181931412_u2505.jpg)\n零号机的绝大多数攻击都是近距离范围的，唯一的远程加农炮也不是很难躲避，所以用爱丽丝在远程进行辅助，克劳德和蒂法近战输出，就算被干掉也可以靠爱丽丝来复活。如果此时 MP 还够的话，可以使用大闪电来进行弱点攻击，不过零号机的 HP 很高，要做好持久战的准备。', '攻略', '《最终幻想7 重制版》攻略：如何获得稀有饰品「诸神黄昏」？', '更多《最终幻想7 重制版》攻略，尽在游戏时光VGtime。', '发布', '2020-04-20 15:08:13', '2020-04-20 15:09:48', 'https://img01.vgtime.com/game/cover/2020/04/15/200415173801281_u2505.jpg');
INSERT INTO `topic` VALUES ('1083891', '19', '19', '不久前 PC 平台《光环 士官长合集》中的《光环 战斗进化 周年纪念版》正式售卖。应该过不了多久，《光环2》就会在 PC 上正式推出了，因为 343 近日开启了本作的 PC 公开测试活动，所有注册了「Halo Insiders」的用户都可以参与到本次公开测试中。\n![](https://img01.vgtime.com/game/cover/2020/04/19/200419092817840_u2505.jpg)\n现在，PC 玩家已经可以玩到《光环 战斗进化 周年纪念版》和《光环 致远星》，《光环 士官长》中的其他游戏也将陆续在 PC 平台推出。玩家可以 116 元的价格购买《光环 士官长》合集，除了可直接获得《光环 致远星》和《光环 战斗进化》之外，还能免费领取在 2020 年陆续推出的《光环2 周年纪念版》《光环3》《光环3 地狱伞兵》和《光环4》，单独购买《光环 战斗进化》《光环 致远星》的话则分别需要 37 元。\n![](https://img01.vgtime.com/game/cover/2020/04/19/200419092718637_u2505.png)', '新闻', 'PC《光环2》开启公开测试', '距离正式推出也不远了。', '发布', '2020-04-19 12:43:50', '2020-04-19 18:44:52', 'https://img01.vgtime.com/game/cover/2020/04/19/200419092804423_u2505.jpg?x-oss-process=image/resize,m_pad,color_000000,w_640,h_400');
INSERT INTO `topic` VALUES ('1083892', '19', '19', '《生化危机7》中伊森被贝克一家强行在晚餐喂食的桥段想必玩过的朋友都影响深刻，那一桌看着就没有食欲的菜肴更是令人反胃。近日 PlayStation 日本官推就发布了一个制作《生化危机7》贝克专属内脏锅的食谱视频，如果你有兴趣也有动手能力，做一个试试吧，吃了你就是家族的一员了！\n![](https://img01.vgtime.com/game/cover/2020/04/19/200419094324282_u2505.png)', '新闻', '教你做一份《生化危机7》贝克老妈的爱心大餐', '不要怕，闭眼吃！', '发布', '2020-04-19 18:32:53', '2020-04-19 18:39:25', 'https://img01.vgtime.com/game/cover/2020/04/19/200419093933575_u2505.jpg');
INSERT INTO `topic` VALUES ('1083900', '19', '19', '速通已经成为了很多高手挑战游戏的选项，那么开发者是如何看待速通的呢？IGN 最近邀请了《毁灭战士 永恒》的执行制作人 Mary Stratton、总监 Hugo Martin、关卡设计总监 Jerry Keehan 和首席游戏编程 Evan Eubanks 一同观看了由 Xamide 制作的《毁灭战士 永恒》27 分钟速通视频，他们对玩家利用 BUG 速通部分流程以及正常游玩时他们流畅娴熟的操作进行了评价。\n![](https://img01.vgtime.com/game/cover/2020/04/19/200419130936545_u2505.png)\n![](https://img01.vgtime.com/game/cover/2020/04/19/200419130940462_u2505.png)', '新闻', '开发人员观看《毁灭战士 永恒》速通视频：他们怎么做到的？', '速通大佬已经超越了开发者了。', '发布', '2020-04-19 18:32:24', '2020-04-19 18:38:20', 'https://img01.vgtime.com/game/cover/2020/04/19/200419121112128_u2505.jpg?x-oss-process=image/resize,m_pad,color_000000,w_640,h_400');
INSERT INTO `topic` VALUES ('1083901', '19', '19', '日本玩家きすけ发布了自己制作的《最终幻想7 重制版》像素版艺术动图，并放出了一张高清的静态图，动图大小约为 10MB，我们将其放置在第二页供玩家下载，有兴趣的朋友也可以用静态图来作壁纸。\n![](https://img01.vgtime.com/game/cover/2020/04/19/200419131232384_u2505.png)\n![](https://img01.vgtime.com/game/cover/2020/04/19/200419131241182_u2505.jpg)\n![](https://img01.vgtime.com/game/cover/2020/04/19/200419131424364_u2505.jpg)', '新闻', '日本玩家自制像素风《最终幻想7 重制版》艺术图', '你觉得像素风格还是官方风格哪个更好呢？', '发布', '2020-04-19 18:31:48', '2020-04-19 18:37:20', 'https://img01.vgtime.com/game/cover/2020/04/19/200419131617529_u2505.gif');
INSERT INTO `topic` VALUES ('1083909', '19', '19', '《使命召唤 现代战争》的「战区」是面向所有玩家免费提供的，游戏提供了跨平台联机的选项，然而主机玩家现在陆续开始选择关闭这一功能，就算这会导致主机玩家的匹配时间进一步延长。\n![](https://img01.vgtime.com/game/cover/2020/04/19/200419155731570_u2505.jpg)\n据 Eurogamer 报道，由于 PC 平台「战区」中作弊玩家越来越多，主机玩家开始联合起来关闭跨平台功能来对抗猖獗的开挂行为，作为一种「临时性的」措施。\n\n　　面对日益猖狂的开挂行为，动视也有所行动，他们上周 BAN 掉了 70000 多个账号，作为他们对作弊者「零容忍」条例的一项举措。然而这并不会解决 PC 平台部分玩家的作弊问题，并且由于跨平台联机的加入，主机玩家也被迫面对作弊者的不平等对待，这在以往的主机游戏中是很少见的。\n![](https://img01.vgtime.com/game/cover/2020/04/19/200419155724833_u2505.png)\n事实上，官方并不希望玩家关闭跨平台联机。若是在主机版中选择关闭，游戏菜单内就会跳出提示，鼓励玩家打开跨平台联机，否则匹配时间可能会被延长。经过 Eurogamer 编辑测试，关闭跨平台联机后 PS4 匹配时间在 3 分钟左右，开启的话只需要大概 30 秒。但是面对作弊的问题，现在主机玩家也只得关闭功能，希望官方能够进一步采取措施，还大家一个良好的游戏环境。\n![](https://img01.vgtime.com/game/cover/2020/04/19/200419155602484_u2505.jpg)', '新闻', '因为PC开挂玩家太多，主机玩家选择关闭跨平台玩《使命召唤 现代战争》「战区」', '需要采取更多的措施遏制开挂行为了。', '发布', '2020-04-19 18:30:52', '2020-04-19 18:35:13', 'https://img01.vgtime.com/game/cover/2020/04/19/200419155740963_u2505.jpg');
INSERT INTO `topic` VALUES ('1083971', '18', '18', '由 Creative Assembly 开发，网易宝船独家代理的《全面战争：竞技场》国服，在今天开启了第二轮先锋测试预约。本轮测试为“删档不付费”测试，测试时间为 4 月 29 日至 5 月 5 日。\n![](https://img01.vgtime.com/game/cover/2020/04/20/20042014520223_u54.jpg)\n大家可以点这里直接去官网预约参加本次测试，或者，也可以在这篇文章下留言，我们将送出 50 个官方提供的测试资格。想要参加这次测试的玩家，请在留言时注明“参加测试”。数量有限，先到先得。想要在五一假期体验一下这个游戏的朋友，请踊跃留言吧。\n\n　　我们还会在本文参与讨论的所有玩家中，抽出 5 位幸运的朋友送出罗技 M330 鼠标一个。欢迎大家分享自己的游玩体验增加中奖率（并不），可以聊聊参与前次测试的感受，也可以是全战系列其他作品的游玩经历。\n![](https://img01.vgtime.com/game/cover/2020/04/20/200420115331883_u73678.jpg)\n《全面战争：竞技场》采取 MOBA+TPS 玩法，玩家将投身古典时代战场的 10v10 激烈对抗，感受万人同屏的恢弘战场。游戏融合了多个《全面战争》系列作品的真实历史背景，时间跨度始于古代地中海世界的从希腊时代（公元前 499 年），到中国三国时代（公元 280 年）。\n\n　　在本次测试中，四大历史阵营将全部解锁，更高级的阵营科技也会开放。玩家能够化身历史闻名的伟大指挥官，组建强大的军队。通过一场场的战役对抗，玩家将伴随成长路线解锁新单位，组建更强大的军队组合。', '新闻', '《全面战争：竞技场》国服二测预约开始', '第二轮测试招募开始了。', '发布', '2020-04-20 17:25:11', '2020-04-20 19:31:27', 'https://img01.vgtime.com/game/cover/2020/04/20/200420115731487_u73678.jpg');
INSERT INTO `topic` VALUES ('1083972', '16', '16', '在各种消息依次到来之后，本周的业界变得热闹非凡。如果说虚幻引擎5的演示对于我们来说还比较遥远，那现在就可以免费领取的GTA5可就是实实在在的好处了。另外也不要忘了，我们不用再等多久就能玩到《对马之魂》了，它的玩法终于公布了。\n\n', '新闻', '游戏时光本周热门：不买免费送', '游戏时光本周热门：不买免费送', '发布', '2020-05-17 21:32:33', '2020-05-17 21:32:39', 'https://img01.vgtime.com/game/cover/2020/05/17/200517030505349_u73678.jpg');
INSERT INTO `topic` VALUES ('1083975', '6', '6', '笔者玩游戏时有个谈不上毛病的毛病，那就是通关之前绝对不看任何相关的消息。这个毛病从原版的《生化危机3》开始，直至最近发售的《生化危机3 重制版》也没有根治。之所以如此，一定程度上是为了增加新鲜感，我笃信“恐怖源自未知”的原理，即使生化危机变得越来越不恐怖，重制版的内容也谈不上未知。\n\n　　当然，《生化危机3 重制版》还是值得一试的。该系列的年龄接近而立，但素质居然保持得还算不错，而现代化的、可爱的、仍是单身的吉尔，也确实能够撩动老玩家的心弦。\n![](https://img01.vgtime.com/game/cover/2020/04/09/200409143906678_u229514.png)\n自私一点的说，本作有着生化危机史上最别致的开场，精彩程度要比《生化危机2 重制版》高出很多，不仅附带了《寂静岭4》的风格，气氛渲染则向《生化危机7》靠拢。\n\n　　总之，游戏的起始观感有着徐徐叙事的感觉，有着想要勾起人物弧光的野心。无论是房间里的照片、地图、贝雷帽以及药品，还是披萨、冰箱、字条和吉尔的若干生活照，它们似乎都在暗示这一点。\n\n　　拜高清画面所赐，追击者那种“追你到天涯海角”的冲击力渲染得十分出色，噩梦惊醒与砸墙而至令人颇感震撼，似乎一切都在倒塌，一切都在燃烧。本作镜头的运用水平也提高了好几个档次，登场人物的造型同样恰如其分。\n\n　　这个过程，让我明白隐隐约约明白了一件事。《生化危机3重制版》开场时的清风徐来大概是假象，内容的狂风暴雨才是主旨。接下来的一切，证明了这一点。\n\n## 简单粗暴和粗中有细\n\n《生化危机3 重制版》中仍然存在调配资源的概念，只是很多时候让人感觉不太必要。即使玩家在取得霰弹枪之前要几经周折的拿到消防管和卡钳，但一路上的手枪子弹也是够用的。更别说汽油桶这个群攻式的被动“武器”，多到感觉有点对不起敌人。\n\n　　记得原版也有汽油桶，但很难拿来全灭丧尸群，还需要用子弹查漏补缺。而对于新作来说，场景道具的设计变得更加简单或者……呃，粗暴？\n\n　　事实上，这与《生化危机3 重制版》丧尸数量息息相关，也是较为宽阔的场景所决定的。卡普空试图利用数量来创造压迫感，让丧尸们聚集在小道，拐角和门后，四到五只一起出现的场景并不少见。粗中有细的是，变强的主人公与数量增多但强度下降的敌人相结合，确实会给人带来一种莫名的爽快感。\n![](https://img01.vgtime.com/game/cover/2020/04/09/200409144049714_u229514.png)\n至少和《生化危机2 重制版》比较起来，本作的爆头更有威力了，加上汽油桶、放电箱的存在，致使游戏的体验有点套路化 —— 遇见复数丧尸就挨个点头，能跑就跑。咬几下也没关系，QTE 的存在会使伤害减少三分之一。而蛰伏于电厂的变异跳蚤威胁也不大，换句话说就是没什么存在感，恶心感倒是挺足的。\n\n　　顺畅的游玩体验可能会让新玩家满意，但对于系列的老玩家来说，套路化总让人觉得缺了点生化危机应有的刺激。比如我在第一次面对追击者时，手枪和散弹枪的子弹不仅还有盈余，加上放电箱的配合，Boss 很快就缴械投降了。\n\n　　这种感觉，就像是吃烤肉喝啤酒时，发现肉烤的不够香辣，啤酒也不是冰镇的。而且纯粹用手枪和刀来击败追击者也是可能的。并非笔者的操作够好，毕竟我打《黑暗之魂3》的古达都用了半个小时，而是游戏独有的“完美闪避”系统帮了大忙。\n![](https://img01.vgtime.com/game/cover/2020/04/09/200409144125193_u229514.png)\n\n## 完美闪避和无聊射击\n\n《生化危机3 重制版》的闪避有两种。第一种是接触式挣脱，侧身位面对丧尸按下跑步键，它们只能“巴拉”你肩膀一下，不会造成伤害。\n\n　　挣脱方法和面对丧尸的位置无关，只要是侧身位无论左右都行，但发动的时机和距离需要大量练习，而且泛用性有限，面对复数丧尸以及非丧尸类型敌人时无效。\n![](https://img01.vgtime.com/game/cover/2020/04/09/200409150235167_u229514.gif)\n第二种是不接触式挣脱，也就是直接按“闪避键”。如果在敌人发动攻击的一瞬间按下闪避键，吉尔能够完美躲开攻击，并且附带有画面效果提示，一般称为“完美闪避”。而卡洛斯的完美闪避更具特色，他会挥出一记重拳，击倒面前的敌人，此时仿佛看见了《生化危机5》的克里斯灵魂附体。\n\n　　完美闪避不仅面对丧尸有用，对于中后期的狗狗、猎杀者、苍白头颅，包括追击者同样有效。而且该挣脱方法的学习成本低、发动时机固定、较容易掌握，找个落单的敌人稍微练习一下就好。\n\n　　值得琢磨的是，完美闪避成功后会进入短暂的“子弹时间”，此时准星将瞄准敌人的要害部位，发动攻击时有暴击加成的效果，类似《鬼武者》中的“一闪”。\n\n　　因此对于一部分玩家来说，《生化危机3 重制版》可能会带来一种全新的乐趣，你可以尝试连续闪避堵在狭窄通道的复数丧尸、从下往上剖开敌人、或者将鲜有出现的狗狗一枪钉死，三枪爆开追击者的机械心脏……\n\n　　面对下水道的谭鱼头（猎杀者γ）时，我便没有使用系统提示的火焰弹，而是用手枪配合闪避解决。可惜的是敌人一共也没几只，稍微有点不过瘾。\n\n　　某种程度上，你可以把《生化危机3 重制版》当成动作游戏来玩。但随着流程的推进，一个看似不成问题的问题出现了，子弹多了、草药多了，火药也多了。\n\n　　这个问题直到后期也没能平衡。面对追击者的蜘蛛侠形态时，我只有不断的倾泻各类弹药、用光库存，潜意识告诉自己这是一场生化危机的 Boss 战。用地雷弹埋伏在敌人经过的墙上，把它炸翻落地后冲着暴露出的心脏猛击，突然有点索然无味。\n\n　　即使是卡洛斯的医院防守战可以消耗一些弹药，但也远远没有《生化危机4》木屋防守战中手心出汗、命悬一线的感觉。\n![](https://img01.vgtime.com/game/cover/2020/04/09/20040914433449_u229514.png)\n无论是完美闪避还是冗余的资源，都致使《生化危机3 重制版》的流程变短。加上游戏的人物刻画过于“鲜明”，没什么诡计也没什么铺垫，种种的因素相互叠加，致使游戏的观感就是“轰轰轰”、“啪啪啪”、“哗哗哗”，“滋滋滋”。\n\n　　再说本作的谜题既不难也不多，通关之后印象全无。唯一的好处，是让我迅速有了挑战专家难度的勇气。我不仅要问卡普空：大哥，你把游戏搞这么短，是不是故意的？', '新闻', '我的世界：地下城》评测：轻度、有趣、老少咸宜', '最容易上手的“刷刷刷”游戏。', '发布', '2020-05-29 13:20:22', '2020-05-29 13:20:31', 'https://img01.vgtime.com/game/cover/2020/05/28/200528193630915_u980.jpg');

-- ----------------------------
-- Table structure for topic_comment
-- ----------------------------
DROP TABLE IF EXISTS `topic_comment`;
CREATE TABLE `topic_comment` (
  `id` bigint NOT NULL AUTO_INCREMENT,
  `sender_id` bigint NOT NULL,
  `topic_id` bigint NOT NULL,
  `comment_group_id` bigint DEFAULT NULL,
  `content` varchar(2000) NOT NULL,
  `time` datetime NOT NULL,
  `praise` bigint DEFAULT NULL,
  `receiver_id` bigint DEFAULT NULL,
  PRIMARY KEY (`id`),
  KEY `FK_comment` (`sender_id`),
  KEY `FK_comment_topic` (`topic_id`),
  KEY `FK_reply` (`comment_group_id`),
  KEY `FK_reply_to_user` (`receiver_id`),
  CONSTRAINT `FK_comment` FOREIGN KEY (`sender_id`) REFERENCES `user` (`id`) ON DELETE RESTRICT ON UPDATE RESTRICT,
  CONSTRAINT `FK_comment_topic` FOREIGN KEY (`topic_id`) REFERENCES `topic` (`id`) ON DELETE RESTRICT ON UPDATE RESTRICT,
  CONSTRAINT `FK_reply` FOREIGN KEY (`comment_group_id`) REFERENCES `topic_comment` (`id`) ON DELETE RESTRICT ON UPDATE RESTRICT,
  CONSTRAINT `FK_reply_to_user` FOREIGN KEY (`receiver_id`) REFERENCES `user` (`id`) ON DELETE RESTRICT ON UPDATE RESTRICT
) ENGINE=InnoDB AUTO_INCREMENT=25 DEFAULT CHARSET=utf8;

-- ----------------------------
-- Records of topic_comment
-- ----------------------------
INSERT INTO `topic_comment` VALUES ('1', '7', '1', null, '1', '2020-04-19 19:34:12', '0', '6');
INSERT INTO `topic_comment` VALUES ('2', '7', '1', '1', '2', '2020-04-19 20:39:44', '0', '7');
INSERT INTO `topic_comment` VALUES ('3', '7', '1', '1', '3', '2020-04-19 20:55:46', '0', '7');
INSERT INTO `topic_comment` VALUES ('4', '6', '1', null, 'test', '2020-04-19 21:32:50', '0', '6');
INSERT INTO `topic_comment` VALUES ('5', '6', '1', '4', 'test2', '2020-04-19 21:35:03', '0', '6');
INSERT INTO `topic_comment` VALUES ('6', '7', '1', null, '5', '2020-04-19 22:14:29', '0', '6');
INSERT INTO `topic_comment` VALUES ('10', '7', '1', '4', 'test3', '2020-04-20 14:37:55', '0', '6');
INSERT INTO `topic_comment` VALUES ('11', '7', '1', null, '6', '2020-04-20 14:38:02', '0', '6');
INSERT INTO `topic_comment` VALUES ('12', '18', '1083891', null, '1', '2020-04-20 19:36:46', '0', '19');
INSERT INTO `topic_comment` VALUES ('13', '18', '1083891', '12', '2', '2020-04-20 19:36:49', '0', '18');
INSERT INTO `topic_comment` VALUES ('14', '18', '1083891', '12', '3', '2020-04-20 19:37:01', '0', '18');
INSERT INTO `topic_comment` VALUES ('15', '7', '1083891', null, '5', '2020-04-20 19:44:26', '0', '19');
INSERT INTO `topic_comment` VALUES ('16', '7', '1083891', '12', '6', '2020-04-20 19:46:17', '0', '18');
INSERT INTO `topic_comment` VALUES ('17', '6', '1082926', null, 'cao', '2020-05-15 16:29:09', '0', '27');
INSERT INTO `topic_comment` VALUES ('18', '6', '1083971', null, '评论', '2020-05-17 21:29:50', '0', '18');
INSERT INTO `topic_comment` VALUES ('19', '6', '1083971', '18', '回复', '2020-05-17 21:30:03', '0', '6');
INSERT INTO `topic_comment` VALUES ('20', '6', '1', null, 'dfdgdfgrgfdgfgrfg', '2020-05-28 21:35:19', '0', '6');
INSERT INTO `topic_comment` VALUES ('21', '6', '1', '20', 'kk1', '2020-05-28 21:35:27', '0', '6');
INSERT INTO `topic_comment` VALUES ('23', '6', '1', null, 'test2', '2020-05-29 13:19:06', '0', '6');
INSERT INTO `topic_comment` VALUES ('24', '6', '1', '4', '4', '2020-05-29 13:19:10', '0', '6');

-- ----------------------------
-- Table structure for user
-- ----------------------------
DROP TABLE IF EXISTS `user`;
CREATE TABLE `user` (
  `id` bigint NOT NULL AUTO_INCREMENT,
  `name` varchar(16) NOT NULL,
  `password` varchar(16) NOT NULL,
  `role` varchar(25) NOT NULL,
  `phone_number` char(11) DEFAULT NULL,
  `profile_picture` varchar(1024) DEFAULT NULL,
  `email` varchar(32) DEFAULT NULL,
  `gender` char(1) DEFAULT NULL,
  `real_name` varchar(16) DEFAULT NULL,
  `identity_card` char(18) DEFAULT NULL,
  PRIMARY KEY (`id`)
) ENGINE=InnoDB AUTO_INCREMENT=48 DEFAULT CHARSET=utf8;

-- ----------------------------
-- Records of user
-- ----------------------------
INSERT INTO `user` VALUES ('1', 'root', 'password', 'root', '110', null, null, 'M', 'root', null);
INSERT INTO `user` VALUES ('3', '云云众神', 'password', '普通用户', '111', 'https://img01.vgtime.com/headpic/2018/09/27/180927203455118.jpg?x-oss-process=image/resize,m_fill,h_40,w_40', '110@110.com', 'F', '真名', '330482199007171537');
INSERT INTO `user` VALUES ('4', '狗熊', 'password', '普通用户', '112', null, null, 'N', null, null);
INSERT INTO `user` VALUES ('5', '狗熊3', 'password', '普通用户', '113', null, null, 'N', null, null);
INSERT INTO `user` VALUES ('6', '骑士', 'password', '编辑', '114', 'https://img01.vgtime.com/space/190520225208982.png', '', 'M', null, null);
INSERT INTO `user` VALUES ('7', '云云众神', 'password', '普通用户', '115', 'https://img01.vgtime.com/headpic/2018/09/27/180927203455118.jpg?x-oss-process=image/resize,m_fill,h_40,w_40', '110@110.com', 'F', '真名', '330482199007171537');
INSERT INTO `user` VALUES ('8', '敢为人先追求卓越', 'password', '普通用户', '116', 'https://img01.vgtime.com/headpic/2017/03/29/170329093349816.jpg', '110@110.com', 'F', '真名', '330482199007171537');
INSERT INTO `user` VALUES ('9', '稀奇古怪蛋黄酱', 'password', '普通用户', '117', 'https://img01.vgtime.com/headpic/2019/10/14/191014144137825_u224242.jpg', null, 'N', null, null);
INSERT INTO `user` VALUES ('10', '手机用户cb2d1b3b83cf', 'password', '普通用户', '118', null, null, 'N', null, null);
INSERT INTO `user` VALUES ('11', '手机用户786c86b9ba77', 'password', '普通用户', '119', null, null, 'N', null, null);
INSERT INTO `user` VALUES ('12', '手机用户ce4a4eedc1e0', 'password', '普通用户', '120', null, null, 'N', null, null);
INSERT INTO `user` VALUES ('13', '手机用户5f6667f33623', 'password', '普通用户', '121', null, null, 'N', null, null);
INSERT INTO `user` VALUES ('14', '手机用户5583d81953ae', 'password', '普通用户', '122', null, null, 'N', null, null);
INSERT INTO `user` VALUES ('15', '手机用户860d4f57c460', 'password', '普通用户', '123', null, null, 'N', null, null);
INSERT INTO `user` VALUES ('16', '游戏机实用技术', 'password', '总编', '661', 'https://img01.vgtime.com/headpic/mobile/160831141758728.jpg', null, 'N', null, null);
INSERT INTO `user` VALUES ('17', '箱子', 'password', '副总编', '662', 'https://img01.vgtime.com/topic/2017/11/20/171120120807510.jpg', null, 'N', null, null);
INSERT INTO `user` VALUES ('18', 'EK', 'password', '编辑', '663', 'https://img01.vgtime.com/space/180625224800143.png', null, 'N', null, null);
INSERT INTO `user` VALUES ('19', '沁雅畅慧', 'password', '编辑', '664', 'https://img01.vgtime.com/space/190131161749974.png', null, 'N', null, null);
INSERT INTO `user` VALUES ('20', '苏活', 'password', '编辑', '665', 'https://img01.vgtime.com/space/20031214292829_u524.png', null, 'N', null, null);
INSERT INTO `user` VALUES ('21', '新手小乌贼', 'password', '编辑', '666', 'https://img01.vgtime.com/headpic/2018/10/29/181029003618102.jpg', null, 'N', null, null);
INSERT INTO `user` VALUES ('22', 'Liffy_Island', 'password', '编辑', '667', 'https://img01.vgtime.com/headpic/2019/09/01/190901231644311_u3555.jpg', null, 'N', null, null);
INSERT INTO `user` VALUES ('23', 'MagicarpFJ', 'password', '编辑', '668', 'https://img01.vgtime.com/space/190403182432902.png', null, 'N', null, null);
INSERT INTO `user` VALUES ('24', 'Rmisser', 'password', '编辑', '669', 'https://img01.vgtime.com/space/170529103359719.png', null, 'N', null, null);
INSERT INTO `user` VALUES ('25', 'Lost', 'password', '编辑', '670', 'https://img01.vgtime.com/headpic/2020/01/22/200122164630140_u980.jpg', null, 'N', null, null);
INSERT INTO `user` VALUES ('26', '幻阳', 'password', '编辑', '671', 'https://img01.vgtime.com/article/web/150902222629771.jpg', null, 'N', null, null);
INSERT INTO `user` VALUES ('27', '一山同学', 'password', '作者', '672', 'https://img01.vgtime.com/article/web/16110723460748.jpg', null, 'N', null, null);
INSERT INTO `user` VALUES ('28', '等待鱼鱼', 'password', '作者', '673', 'https://img01.vgtime.com/headpic/2017/03/30/170330010351793.jpg', null, 'N', null, null);
INSERT INTO `user` VALUES ('29', '果其然', 'password', '作者', '674', 'https://img01.vgtime.com/space/181204165509229.png', null, 'N', null, null);
INSERT INTO `user` VALUES ('30', '待定2647efa255e145', 'password', '作者', '675', null, null, 'N', null, null);
INSERT INTO `user` VALUES ('31', '待定b67766c9a50342', 'password', '作者', '676', null, null, 'N', null, null);
INSERT INTO `user` VALUES ('32', '待定5b507dae84ee4c', 'password', '作者', '677', null, null, 'N', null, null);
INSERT INTO `user` VALUES ('33', '待定a7041ae60ad54c', 'password', '作者', '678', null, null, 'N', null, null);
INSERT INTO `user` VALUES ('34', '待定db27d2d3dd6e4f', 'password', '作者', '679', null, null, 'N', null, null);
INSERT INTO `user` VALUES ('35', '待定2319eb06f52544', 'password', '作者', '680', null, null, 'N', null, null);
INSERT INTO `user` VALUES ('36', '待定3a9c5aee26b542', 'password', '作者', '681', null, null, 'N', null, null);
INSERT INTO `user` VALUES ('37', '待定7d9a1efc0a8141', 'password', '作者', '682', null, null, 'N', null, null);
INSERT INTO `user` VALUES ('38', '525ac76950f848', 'password', '普通用户', '683', null, null, 'N', null, null);
INSERT INTO `user` VALUES ('39', 'cbdfe5dc0a7046', 'password', '普通用户', '684', null, null, 'N', null, null);
INSERT INTO `user` VALUES ('40', 'b1156053a9824a', 'password', '普通用户', '685', null, null, 'N', null, null);
INSERT INTO `user` VALUES ('41', '3731bbc950c741', 'password', '普通用户', '686', null, null, 'N', null, null);
INSERT INTO `user` VALUES ('42', 'c27b40d8e9f543', 'password', '普通用户', '687', null, null, 'N', null, null);
INSERT INTO `user` VALUES ('43', '5a4a49a997424a', 'password', '普通用户', '688', null, null, 'N', null, null);
INSERT INTO `user` VALUES ('44', '3d219f1d835142', 'password', '普通用户', '689', null, null, 'N', null, null);
INSERT INTO `user` VALUES ('45', '4e070737262144', 'password', '普通用户', '690', null, null, 'N', null, null);
INSERT INTO `user` VALUES ('46', '3bcaafea6e8741', 'password', '普通用户', '691', null, null, 'N', null, null);
INSERT INTO `user` VALUES ('47', '39e559c405d94e', 'password', '普通用户', '692', null, null, 'N', null, null);
